{"type":"FeatureCollection","features":[{"type":"Feature","geometry":{"type":"Polygon","coordinates":[[[78.50344640952426,19.22335121478676],[78.45573929233456,19.23491164625551],[78.45244870894084,19.200188165551424],[78.44611377203302,19.190328420420315],[78.43150321699994,19.18341738770232],[78.4060599232269,19.182947180767826],[78.4044790229886,19.179456661895472],[78.39173949847913,19.18653127409908],[78.38327087595025,19.198276208680113],[78.37828950145939,19.197438163740287],[78.32522704649108,19.224494777412076],[78.30351439237535,19.261472163309747],[78.24416639216531,19.30324709058084],[78.21500211925246,19.320840225595987],[78.1924240583237,19.32607733040453],[78.1772090149841,19.334430397245114],[78.17242602374205,19.349850921283064],[78.17214779958135,19.35956915359361],[78.1795166366835,19.363111173941547],[78.17703982103097,19.36776716562224],[78.18801783535486,19.39468079518258],[78.17636095519396,19.412488077662715],[78.19573513187089,19.40702564861482],[78.20295581825644,19.419559678036762],[78.2201788921422,19.4327597336748],[78.2356400232685,19.426968275065917],[78.24466240424664,19.429021720476044],[78.24668239757466,19.435328425866203],[78.26275585010245,19.443233445966825],[78.26384368893514,19.449098487105573],[78.26878903838349,19.44863601254201],[78.27054201670074,19.456318568247355],[78.28709715061308,19.44868508944535],[78.30447601675485,19.456285213292006],[78.30619594858422,19.46287548661445],[78.30932834572661,19.481243160043846],[78.29875250102714,19.496987955329928],[78.29048690944336,19.52780874527741],[78.29332084767901,19.5424160150871],[78.28402684176541,19.541595691288194],[78.27440324241576,19.554156986355906],[78.27534426422648,19.56264363939249],[78.29365562840457,19.559165334212878],[78.297378052755,19.568077316215238],[78.303781705961,19.569500287408403],[78.30099476179885,19.579248336741387],[78.30566029348779,19.60724367535539],[78.29399298748643,19.61961748425955],[78.29055652326497,19.646174055987956],[78.28097636746543,19.65109939462144],[78.2791037226587,19.657814091846888],[78.26274278565108,19.665235897218906],[78.2762794458398,19.69258480224687],[78.28794098089162,19.688205416846586],[78.31191252334435,19.691221421931118],[78.31874445799042,19.705695682010173],[78.34323216723078,19.713470893966644],[78.33937388949346,19.72432543676956],[78.34132195684288,19.73592614977207],[78.34937572840721,19.73814606149159],[78.36475254989034,19.781401174824396],[78.3575216948704,19.80560214332428],[78.34487937808092,19.813544961031198],[78.33411502378937,19.81472894908177],[78.33651529274664,19.83805014230029],[78.31601517565991,19.84271678375262],[78.30097900028068,19.840652445753847],[78.28600748166002,19.84756995718783],[78.28509689380667,19.856670411910045],[78.29883138326181,19.875142032578765],[78.30652005345775,19.914262234914247],[78.33070895755242,19.91489026207597],[78.33424936811389,19.905834250949965],[78.32444831094085,19.895561204386127],[78.3320930060874,19.885093436612863],[78.38156386737865,19.879930592422966],[78.38612078974273,19.84612487886011],[78.42311989336844,19.817715717206625],[78.45333658981184,19.813071273720368],[78.47232335114182,19.81760482450312],[78.49091547287082,19.792761536815533],[78.50729986959334,19.797735814756095],[78.50903472657143,19.81223553644088],[78.5153424419002,19.81920225158268],[78.5317587069988,19.8187689465297],[78.54956260443072,19.82442657792427],[78.57237095745376,19.8160255376485],[78.59548548107017,19.81771894847077],[78.6098696578585,19.817159294965563],[78.62559792270605,19.808334878152152],[78.64281749912834,19.807977669234106],[78.6551230611804,19.80036549986795],[78.69829825536027,19.78904640147033],[78.70615967183147,19.772477529514447],[78.7192243273409,19.766822276826645],[78.72421012289891,19.767928192032514],[78.73008838407173,19.78039935344748],[78.74011572685936,19.78331115858316],[78.75684783835709,19.772148457685205],[78.77929802288548,19.780399978476282],[78.78781516563743,19.775612064345353],[78.79458266925485,19.760083784439132],[78.80306546240121,19.755841230888166],[78.81668183040222,19.76210239910648],[78.82486416365026,19.754552871118165],[78.84082406687725,19.76195890597876],[78.84801477346309,19.73567371636898],[78.85121122751622,19.736303173452768],[78.84948921735355,19.72214636686141],[78.85998725181025,19.689670434043364],[78.85575588762418,19.686840236088074],[78.85191256291449,19.658779707417636],[78.85763289324348,19.658118527647957],[78.85072765935405,19.649903182086234],[78.82668567300544,19.64265621571184],[78.81654801847634,19.644384043588786],[78.79172204453675,19.66124303773603],[78.78217206728715,19.66134903273172],[78.78573341316655,19.633200487412637],[78.80252312624134,19.614130536994764],[78.80508729484285,19.604179201309137],[78.79503948888134,19.59611343638602],[78.79493470437319,19.57296434912547],[78.77615694728536,19.561306989625905],[78.77511189549762,19.532033009315967],[78.77044316941681,19.522020183384825],[78.7730982127124,19.50191672667563],[78.7854914946368,19.491586641510366],[78.7912992714443,19.467490037535242],[78.81205316821922,19.453729429069938],[78.82278087423799,19.42673213557964],[78.83232311192211,19.42353476961398],[78.82993739759286,19.399911450053423],[78.81265872132298,19.395351228976097],[78.8130741892225,19.391476668113796],[78.82149685819348,19.38544747102401],[78.8386435454633,19.383163595923236],[78.84308495440717,19.364736938658837],[78.86952133893868,19.34332146191599],[78.88391033969049,19.343247811037713],[78.8940903720731,19.334296484595143],[78.8899351085185,19.31647827894949],[78.89242664697224,19.294607970981133],[78.94158893198369,19.26564646731066],[78.95543271604708,19.25250026217742],[78.97675703480934,19.245969190325923],[78.99120468844569,19.24667869966231],[79.02403262580509,19.22167414824338],[79.0542691397091,19.21722929669471],[79.07491573477341,19.186036262063908],[79.09858402853013,19.17587643564906],[79.11666416441972,19.15971576417121],[79.1376098560101,19.110209303216834],[79.10383902355215,19.08051286008049],[79.0985684801513,19.05085778575824],[79.0791083687563,19.03543683004574],[79.0659478032486,19.049558512715237],[79.03709595571382,19.06303453521565],[79.02429157749435,19.074926765258056],[79.01657246075052,19.072886835758936],[78.95233342115051,19.076805739493352],[78.91182832491734,19.030451514725655],[78.84521329805534,19.07036167165387],[78.83609340718505,19.068715158677662],[78.82133036130716,19.04906016689324],[78.79884999193365,19.048265979191626],[78.77596862745025,19.035354267785294],[78.76955317064238,19.025634251219742],[78.76997194714772,19.014220103475054],[78.75949102139356,19.011165385274353],[78.75012172963415,19.01383731873733],[78.70101633123875,19.03606872519157],[78.66556570189567,19.01485610942194],[78.66010446444955,19.00085356983641],[78.63635765538157,18.977930001068728],[78.60536734053039,18.98648894880597],[78.61044976464495,19.00148207094088],[78.61154963550734,19.029847404134443],[78.5885127062964,19.07375918174091],[78.59342277174358,19.10531799043298],[78.57625518153145,19.111980597126887],[78.54902487999425,19.13911828108388],[78.52296046495354,19.15070828495942],[78.50386493511871,19.182815126117248],[78.48698008995922,19.186065416286],[78.48523723710889,19.193676936341603],[78.50440892872916,19.210378813531463],[78.50344640952426,19.22335121478676]]]},"properties":{"ST_CODE":"36","ST_NAME":"TELANGANA","DIST_NAME":"ADILABAD"}},{"type":"Feature","geometry":{"type":"Polygon","coordinates":[[[78.77615694728536,19.561306989625905],[78.79493470437319,19.57296434912547],[78.79503948888134,19.59611343638602],[78.80508729484285,19.604179201309137],[78.80252312624134,19.614130536994764],[78.78573341316655,19.633200487412637],[78.78217206728715,19.66134903273172],[78.79172204453675,19.66124303773603],[78.81654801847634,19.644384043588786],[78.82668567300544,19.64265621571184],[78.85072765935405,19.649903182086234],[78.85763289324348,19.658118527647957],[78.88743178534867,19.65542482879289],[78.89054166886297,19.659590559556705],[78.88650946583925,19.66263390583015],[78.90237745925242,19.67021800645591],[78.919926289167,19.66715625555679],[78.9197863546566,19.662186628010545],[78.95286346807467,19.658523134435143],[78.9619100821846,19.637626696015275],[78.95543022942161,19.619300480432855],[78.95568047477417,19.600354354969568],[78.9718442201347,19.590196213884212],[78.97289447629907,19.58257073455178],[78.95260313322808,19.565161369701514],[78.9377338135647,19.56205669056385],[78.9405037407551,19.55205184341787],[78.97428219226941,19.549565934720135],[78.98131026455712,19.561022620397637],[78.99780525900553,19.54924736787177],[78.99808829274059,19.54026636470104],[79.04607523308562,19.548516606656108],[79.07695476854781,19.532589923486228],[79.09809036367938,19.532217730963566],[79.10543891207618,19.522565108692845],[79.16139223866094,19.488450729817373],[79.16787581191926,19.472547109761365],[79.19035944493248,19.45917955898949],[79.22362935950741,19.469269913675646],[79.20388634118177,19.494268489099568],[79.20751075112031,19.506315297313165],[79.22120362894435,19.521179596061586],[79.23376809771958,19.520196875385523],[79.24006387185028,19.535431541032835],[79.23716529304392,19.55733094656597],[79.25107081106916,19.57769950003194],[79.25316572062155,19.593490766885452],[79.24445540169546,19.595062544400946],[79.23868956926827,19.60636699733908],[79.24359893684152,19.616885520150674],[79.25113890323786,19.616067329543682],[79.27299416464905,19.5990391702216],[79.30688903699951,19.596750597961773],[79.31398835897562,19.56661368037709],[79.31858965029221,19.567893485795764],[79.31849692659193,19.57691632362946],[79.3657800736915,19.57651966235261],[79.37279678214583,19.56118252975],[79.38572120277132,19.558519982511257],[79.40175190062979,19.538637596248122],[79.41460091579967,19.53271682771947],[79.42303567525624,19.530349630431147],[79.42259772970152,19.538232547893813],[79.43337025703181,19.537451017250703],[79.46899062082053,19.509764477049032],[79.47150637621837,19.50033474994882],[79.48266102728462,19.506470322447456],[79.49841487424709,19.505889096005035],[79.51862003888374,19.5203744744025],[79.51864346982035,19.543304217016043],[79.54172611336952,19.55477685486801],[79.55296333928675,19.524359540360535],[79.5942468023481,19.507058118437442],[79.60298913534041,19.51474052665401],[79.61417025435384,19.559869569025466],[79.63219004663341,19.575284593709057],[79.70901847252452,19.58467859973763],[79.74408212179253,19.60890599751383],[79.7786258397108,19.599868098733793],[79.80651356454945,19.57895773701],[79.81635404440368,19.57422782195647],[79.83120377503423,19.54030704553378],[79.84519970280411,19.5334060816254],[79.86459876821863,19.510709903739098],[79.91451488025757,19.496231193814594],[79.93242209360477,19.476743330240538],[79.94483433054,19.470019450936945],[79.94762407878824,19.449884097972813],[79.97240902475676,19.41642511352819],[79.97794672616055,19.400569266358616],[79.97968190419658,19.38887302916703],[79.97183719173307,19.381770666583066],[79.96798053097677,19.356840345205796],[79.95909132880183,19.336154644021633],[79.96588177862122,19.303249855096794],[79.95057630035603,19.28925205493846],[79.93636940782199,19.264346794069354],[79.9245176193927,19.225930137665785],[79.92546547695025,19.21085259706973],[79.94484025347498,19.18029794619332],[79.94613602815525,19.170480549237993],[79.91449868166887,19.14559476228851],[79.90592680707653,19.157397848831692],[79.88286322555746,19.157152715225664],[79.8535348542502,19.166931000665215],[79.82420800909239,19.16259505611697],[79.79563778875303,19.14769820820578],[79.78418352944641,19.147499793480733],[79.7750412184775,19.153093577506638],[79.76827853522627,19.176091134398405],[79.76237066027778,19.18033732210978],[79.7321199919441,19.181316805226402],[79.70288882835678,19.200081364763207],[79.65507643562904,19.19506829366685],[79.62905804339402,19.209706288814232],[79.62399233947497,19.221240629151737],[79.61128213106554,19.22017312399055],[79.59885862022918,19.239171203288436],[79.5628691117202,19.24021395371102],[79.54709493468357,19.262556939051535],[79.53483032416017,19.26270480018644],[79.51654761957701,19.254228465071662],[79.52887361332665,19.223227816110864],[79.5368681753261,19.21707724292048],[79.54021799436498,19.202600589745487],[79.51969647071559,19.19611973423838],[79.5064250529739,19.203421377594566],[79.48117139834142,19.201362046121574],[79.48387238800035,19.18956873251102],[79.47006394819272,19.186025496279683],[79.45056645198025,19.192681891356244],[79.43901312785363,19.180411705036192],[79.42050984835089,19.175493605945235],[79.41376913104062,19.17836972868008],[79.41447723383732,19.20062794302521],[79.35965078295732,19.20944036917774],[79.34612215641243,19.22194073967347],[79.33797326895126,19.221896784409125],[79.33273360467217,19.212005000930105],[79.34294688858807,19.20876649277949],[79.33267485106359,19.19033604667129],[79.33392921915822,19.15987011121672],[79.32852338714468,19.153903836992527],[79.30958295169194,19.158970906082516],[79.31103954134181,19.130830875544518],[79.30609870649016,19.10407925885079],[79.26906298786668,19.112851828848875],[79.24872537917298,19.091403607790312],[79.23423136278723,19.095990968608362],[79.20958374329518,19.07101397061831],[79.20906347649827,19.05259027392208],[79.20327885813288,19.044021495695517],[79.18954970525476,19.048386733860752],[79.1779148413969,19.041925446702066],[79.16668883002552,19.051450398517147],[79.13768360041786,19.04975747782538],[79.1304011458962,19.051722569341166],[79.13020821163974,19.055940116343322],[79.14519905219458,19.061089319616485],[79.15309498464586,19.073264946719974],[79.15048089018097,19.093951172208904],[79.1376098560101,19.110209303216834],[79.11666416441972,19.15971576417121],[79.09858402853013,19.17587643564906],[79.07491573477341,19.186036262063908],[79.0542691397091,19.21722929669471],[79.02403262580509,19.22167414824338],[78.99120468844569,19.24667869966231],[78.97675703480934,19.245969190325923],[78.95543271604708,19.25250026217742],[78.94158893198369,19.26564646731066],[78.89242664697224,19.294607970981133],[78.8899351085185,19.31647827894949],[78.8940903720731,19.334296484595143],[78.88391033969049,19.343247811037713],[78.86952133893868,19.34332146191599],[78.84308495440717,19.364736938658837],[78.8386435454633,19.383163595923236],[78.82149685819348,19.38544747102401],[78.8130741892225,19.391476668113796],[78.81265872132298,19.395351228976097],[78.82993739759286,19.399911450053423],[78.83232311192211,19.42353476961398],[78.82278087423799,19.42673213557964],[78.81205316821922,19.453729429069938],[78.7912992714443,19.467490037535242],[78.7854914946368,19.491586641510366],[78.7730982127124,19.50191672667563],[78.77044316941681,19.522020183384825],[78.77511189549762,19.532033009315967],[78.77615694728536,19.561306989625905]]]},"properties":{"ST_CODE":"36","ST_NAME":"TELANGANA","DIST_NAME":"KUMURAMBHEEM ASIFABAD"}},{"type":"Feature","geometry":{"type":"Polygon","coordinates":[[[78.23941067286432,19.016167865954287],[78.22723703775915,19.008130999845832],[78.2016867588369,19.000851293652318],[78.16731880531864,18.99783049877857],[78.16069301057405,18.97959704736587],[78.14694609878347,18.96571098797176],[78.13029032084171,18.960883921855554],[78.11528203973438,18.962266308443418],[78.09596439354198,18.943973498178423],[78.08092391850408,18.94077198453948],[78.05777379972113,18.942335454117938],[78.04669477444435,18.936003888768482],[78.03757437995375,18.87736297152395],[78.02806390992157,18.87673375905581],[78.0150338612238,18.884519027231363],[77.98630037436283,18.88056426752695],[77.96807108231468,18.872381461235477],[77.94840955335826,18.844683085955694],[77.93458966428165,18.846456746881415],[77.93675329732685,18.853298674794075],[77.92868765561087,18.85513226833956],[77.92964487870825,18.860251840749925],[77.90294973853963,18.86742553036396],[77.90371862921143,18.88239068807985],[77.89126523570212,18.88258355668586],[77.88514532399756,18.90575784474879],[77.8737633593916,18.90899305418617],[77.87288395822816,18.90559418792151],[77.85717364384863,18.903910928646496],[77.84309177776339,18.909883567372788],[77.85819020421462,18.950243843078965],[77.84087966946123,18.950828076854293],[77.83200986746147,18.94306267110545],[77.81584960067858,18.948438608754827],[77.82139843568933,18.97966736175937],[77.79061077856466,18.9836010647374],[77.78731865553158,18.97363687504179],[77.7710590505348,18.979955920029738],[77.7747060487452,19.00082772062285],[77.77003966090166,19.022608341002183],[77.76190856472851,19.0332044294409],[77.76493282289152,19.062853855121375],[77.77535011621495,19.056220952135277],[77.80034668794934,19.05071797895164],[77.79691621501138,19.072786178239596],[77.8018706386191,19.07658773933275],[77.80672446945874,19.102506764575594],[77.81765082132841,19.10558711165595],[77.83138711212558,19.08627622207007],[77.85051142296385,19.088751150944915],[77.84632401763935,19.101507865095925],[77.8477826442537,19.116197993042988],[77.8416771765605,19.118298758081266],[77.83418099815458,19.134500064526435],[77.85264920769481,19.154867969581176],[77.85276358796926,19.167008134617788],[77.86061068003892,19.1805438685048],[77.84783784374156,19.189782975304126],[77.86611977041116,19.226588893762482],[77.87151640236016,19.25520797696663],[77.89011866844186,19.261076949042035],[77.90295711567842,19.25664742643761],[77.90767404991755,19.26841206066814],[77.90357078156637,19.278144232470424],[77.86568980004427,19.284007998370498],[77.86351382290468,19.30372968837446],[77.89014582616898,19.313481255855322],[77.89443492593114,19.320653296112766],[77.91165950078539,19.316440339250335],[77.92812751557244,19.332389430827618],[77.9383571761428,19.334296006155796],[77.94259512516493,19.342621782169545],[77.95165620127273,19.340440517915624],[77.95377743488075,19.339706011922942],[77.96197216078667,19.335794015881163],[77.96693489323081,19.32683971358199],[77.9777436542463,19.322887758863033],[77.98507349764384,19.309933266706935],[78.01389197673342,19.294331102098738],[78.01485134111658,19.279099566092157],[78.0418277064835,19.270978187993023],[78.03615343133583,19.250811527829796],[78.04077441240923,19.244101922565733],[78.05545909675999,19.237374469356325],[78.06442472961766,19.247866302088198],[78.0792740285736,19.25467487864279],[78.08236131302425,19.24304926701012],[78.08928737701092,19.23964629534032],[78.0970080378907,19.244297911819217],[78.11347200123191,19.244505407898316],[78.1170444816176,19.248622337850634],[78.14427201504151,19.229534747230844],[78.17540178956102,19.237624068096295],[78.17998205113082,19.245624455903965],[78.1769273814935,19.278659114126867],[78.19397799868574,19.31448954065985],[78.1924240583237,19.32607733040453],[78.21500211925246,19.320840225595987],[78.24416639216531,19.30324709058084],[78.30351439237535,19.261472163309747],[78.32522704649108,19.224494777412076],[78.37828950145939,19.197438163740287],[78.38327087595025,19.198276208680113],[78.39173949847913,19.18653127409908],[78.4044790229886,19.179456661895472],[78.4060599232269,19.182947180767826],[78.43150321699994,19.18341738770232],[78.44611377203302,19.190328420420315],[78.45244870894084,19.200188165551424],[78.45573929233456,19.23491164625551],[78.50344640952426,19.22335121478676],[78.50440892872916,19.210378813531463],[78.48523723710889,19.193676936341603],[78.48698008995922,19.186065416286],[78.50386493511871,19.182815126117248],[78.52296046495354,19.15070828495942],[78.54902487999425,19.13911828108388],[78.57625518153145,19.111980597126887],[78.59342277174358,19.10531799043298],[78.5885127062964,19.07375918174091],[78.61154963550734,19.029847404134443],[78.61044976464495,19.00148207094088],[78.60536734053039,18.98648894880597],[78.58846559621037,19.005368267231802],[78.55621856963131,18.977139487097702],[78.54832029894271,18.946508881279897],[78.53699422360461,18.946021618702787],[78.52549946872557,18.950974008943433],[78.50827957394324,18.972488258226576],[78.49087145825126,18.973056675625116],[78.47730593432146,18.958231015349156],[78.45692978338286,18.95569252778796],[78.45257174788793,18.96426006764807],[78.4406390375616,18.96680608703133],[78.42637644102001,18.97717744028671],[78.41720920084401,18.99968455100128],[78.40887328497416,19.00402885564722],[78.37120630432753,18.996223665689683],[78.33619860008537,18.966193610946448],[78.29377899560421,18.944378670639196],[78.28523957574589,18.94276435339225],[78.27805155183768,18.948217805407467],[78.27882299928206,18.99025026703623],[78.24874685338466,19.014733504847413],[78.23941067286432,19.016167865954287]]]},"properties":{"ST_CODE":"36","ST_NAME":"TELANGANA","DIST_NAME":"NIRMAL"}},{"type":"Feature","geometry":{"type":"Polygon","coordinates":[[[79.20327885813288,19.044021495695517],[79.20906347649827,19.05259027392208],[79.20958374329518,19.07101397061831],[79.23423136278723,19.095990968608362],[79.24872537917298,19.091403607790312],[79.26906298786668,19.112851828848875],[79.30609870649016,19.10407925885079],[79.31103954134181,19.130830875544518],[79.30958295169194,19.158970906082516],[79.32852338714468,19.153903836992527],[79.33392921915822,19.15987011121672],[79.33267485106359,19.19033604667129],[79.34294688858807,19.20876649277949],[79.33273360467217,19.212005000930105],[79.33797326895126,19.221896784409125],[79.34612215641243,19.22194073967347],[79.35965078295732,19.20944036917774],[79.41447723383732,19.20062794302521],[79.41376913104062,19.17836972868008],[79.42050984835089,19.175493605945235],[79.43901312785363,19.180411705036192],[79.45056645198025,19.192681891356244],[79.47006394819272,19.186025496279683],[79.48387238800035,19.18956873251102],[79.48117139834142,19.201362046121574],[79.5064250529739,19.203421377594566],[79.51969647071559,19.19611973423838],[79.54021799436498,19.202600589745487],[79.5368681753261,19.21707724292048],[79.52887361332665,19.223227816110864],[79.51654761957701,19.254228465071662],[79.53483032416017,19.26270480018644],[79.54709493468357,19.262556939051535],[79.5628691117202,19.24021395371102],[79.59885862022918,19.239171203288436],[79.61128213106554,19.22017312399055],[79.62399233947497,19.221240629151737],[79.62905804339402,19.209706288814232],[79.65507643562904,19.19506829366685],[79.70288882835678,19.200081364763207],[79.7321199919441,19.181316805226402],[79.76237066027778,19.18033732210978],[79.76827853522627,19.176091134398405],[79.7750412184775,19.153093577506638],[79.78418352944641,19.147499793480733],[79.79563778875303,19.14769820820578],[79.82420800909239,19.16259505611697],[79.8535348542502,19.166931000665215],[79.88286322555746,19.157152715225664],[79.90592680707653,19.157397848831692],[79.91449868166887,19.14559476228851],[79.87377743518056,19.124271850065895],[79.85943279798528,19.108839812007773],[79.8583872902413,19.096075091192574],[79.86910841412208,19.04343068697665],[79.87610653448905,19.03908320052932],[79.89923336892491,19.040463194021243],[79.92064097749915,19.049933467955213],[79.9289288677731,19.04941845409843],[79.93707839914885,19.042914098406982],[79.94027505824738,19.03278767371222],[79.94311863631606,18.991471335034134],[79.95854384582191,18.942255868613472],[79.95511003819774,18.90388341568712],[79.96310157128056,18.86600344500306],[79.96000902399732,18.858800592173623],[79.92710946283148,18.838565336221336],[79.91543221842221,18.825412085799144],[79.90446352826928,18.829208127752963],[79.88971176348713,18.82552104855762],[79.87837542958249,18.828288873133033],[79.86677842178682,18.836963882876944],[79.85339300238519,18.866418286974408],[79.84303478103038,18.871051881039534],[79.8376609037278,18.868948400948],[79.82735325215094,18.854490468060703],[79.82635573852656,18.82747710998069],[79.84878477189977,18.795611862697342],[79.8431454291183,18.78000605493554],[79.8193280844236,18.75720229025353],[79.81843160693319,18.74619732774454],[79.82583864273926,18.735154332906177],[79.82410840737714,18.7240181988808],[79.79418357780992,18.695050721014013],[79.78656240353217,18.69868525462084],[79.7692905081505,18.696607442979143],[79.74759821108864,18.682255935862827],[79.71322130571872,18.68524804056466],[79.69179485544828,18.670720528929337],[79.6775130017237,18.67423937824475],[79.66328455513815,18.69048287008843],[79.65155281810814,18.715400333858383],[79.6447050212198,18.71706703571516],[79.63339970313388,18.72928540849483],[79.54511026132957,18.77758951544382],[79.53186927124995,18.786345966892895],[79.50615795702413,18.78648234818189],[79.4877047508736,18.810365311010344],[79.4269225856089,18.85165682480266],[79.3937835026066,18.857551054337762],[79.37369177305692,18.851731937079307],[79.35277666651001,18.819819027526137],[79.33801238946029,18.815525798077147],[79.30847473062437,18.81605806362876],[79.27036848421824,18.829423333719944],[79.24861608186671,18.853682550409417],[79.2330211172308,18.86182142212101],[79.17928434519644,18.871822583845244],[79.10596493813142,18.948493818135262],[79.10414456192206,18.969396707392207],[79.09199369855043,18.99061173244553],[79.09058423697303,19.010246465202272],[79.0791083687563,19.03543683004574],[79.0985684801513,19.05085778575824],[79.10383902355215,19.08051286008049],[79.1376098560101,19.110209303216834],[79.15048089018097,19.093951172208904],[79.15309498464586,19.073264946719974],[79.14519905219458,19.061089319616485],[79.13020821163974,19.055940116343322],[79.1304011458962,19.051722569341166],[79.13768360041786,19.04975747782538],[79.16668883002552,19.051450398517147],[79.1779148413969,19.041925446702066],[79.18954970525476,19.048386733860752],[79.20327885813288,19.044021495695517]]]},"properties":{"ST_CODE":"36","ST_NAME":"TELANGANA","DIST_NAME":"MANCHERIAL"}},{"type":"Feature","geometry":{"type":"Polygon","coordinates":[[[78.75012172963415,19.01383731873733],[78.75949102139356,19.011165385274353],[78.76997194714772,19.014220103475054],[78.76955317064238,19.025634251219742],[78.77596862745025,19.035354267785294],[78.79884999193365,19.048265979191626],[78.82133036130716,19.04906016689324],[78.83609340718505,19.068715158677662],[78.84521329805534,19.07036167165387],[78.91182832491734,19.030451514725655],[78.95233342115051,19.076805739493352],[79.01657246075052,19.072886835758936],[79.02429157749435,19.074926765258056],[79.03709595571382,19.06303453521565],[79.0659478032486,19.049558512715237],[79.0791083687563,19.03543683004574],[79.09058423697303,19.010246465202272],[79.09199369855043,18.99061173244553],[79.10414456192206,18.969396707392207],[79.10596493813142,18.948493818135262],[79.17928434519644,18.871822583845244],[79.2330211172308,18.86182142212101],[79.24861608186671,18.853682550409417],[79.27036848421824,18.829423333719944],[79.30847473062437,18.81605806362876],[79.29423174379997,18.769097549212574],[79.2915057215119,18.74220993164306],[79.29733127881553,18.7360529948499],[79.31716910726857,18.74029875987992],[79.31767705605137,18.7158449200071],[79.3308051767176,18.69660805451815],[79.30595099284409,18.68777515350058],[79.29917791522865,18.667617888554787],[79.29386952385948,18.664447790932854],[79.27950568613858,18.66436749946058],[79.26981489124427,18.675647883842828],[79.25504073783986,18.67673914099862],[79.24666552969052,18.64925355970405],[79.23093762007517,18.640938401985693],[79.23204992496414,18.626493189109453],[79.20823894657019,18.63043919391373],[79.19456805806948,18.62333026358084],[79.18561884683237,18.6115329929533],[79.17932005637556,18.63931708531527],[79.15863552700802,18.639190187377324],[79.14662944009666,18.65494395160215],[79.11477896687586,18.665108910447884],[79.1013439561587,18.67773694060736],[79.09267664281288,18.670522299464608],[79.0842460616065,18.650230679402398],[79.06312809498564,18.6602082384195],[79.05393020051838,18.65115706025017],[79.04631949434923,18.633131702965784],[79.04060682984141,18.633726223186727],[79.0332287108364,18.650069412073776],[79.02010233575425,18.650293848682225],[79.01961352724254,18.670367209579126],[79.01179996279808,18.669726441721934],[79.01128123743922,18.75235388232585],[78.98825791047426,18.74676984155502],[78.95173841619498,18.753605654077717],[78.94835532493835,18.73788513239299],[78.92329095151626,18.730048453573318],[78.91337289614228,18.734287150831392],[78.89608253767904,18.758300750978947],[78.88723352081041,18.758640118246888],[78.87889848357821,18.746405419174778],[78.87250707194386,18.74497850265584],[78.85758367514654,18.757240632849005],[78.84525096076328,18.76057811049145],[78.84493039022539,18.775955426601683],[78.83264228311492,18.801555922767648],[78.83073424458979,18.82459683237795],[78.84368603967903,18.86563165357802],[78.83785659730415,18.887379260744353],[78.82192520618338,18.888718938528257],[78.8045088536008,18.861803582269545],[78.79290504333312,18.846245420589753],[78.79795140373437,18.81720355350126],[78.79050602443351,18.811475012361996],[78.7867787437441,18.798826885952053],[78.76009589910649,18.798789573979718],[78.74475115464213,18.783742248805765],[78.73278070876273,18.78301006396333],[78.67863352751533,18.7946401838974],[78.66724424152858,18.772616176395502],[78.64717024211302,18.7738442492128],[78.64330841475157,18.758727660952843],[78.63151621000515,18.754787970288646],[78.62402959319121,18.744264976047873],[78.62312150725182,18.728903818056835],[78.58171884534852,18.72306226990787],[78.57125861839057,18.73848504764686],[78.55233688254117,18.742966825358735],[78.55074557444874,18.750856539897427],[78.55747994254534,18.756035411804874],[78.55433603408079,18.76510533634223],[78.56362679164317,18.77895685097792],[78.55255744037362,18.791297407449463],[78.55061513228259,18.81202141525614],[78.54169805022491,18.81532426989918],[78.54817606387428,18.830672445277173],[78.54011679655298,18.84575354538987],[78.53738526771599,18.844233455509595],[78.54339602240856,18.85983544025339],[78.53615381164917,18.884498575748694],[78.51420170134747,18.892525356859778],[78.51895427032338,18.900700125010815],[78.52006223958074,18.923234049012194],[78.52805379244865,18.930358014211038],[78.52595391863849,18.93897795576811],[78.52841584421589,18.94292165740859],[78.53665250820677,18.942302130638893],[78.53699422360461,18.946021618702787],[78.54832029894271,18.946508881279897],[78.55621856963131,18.977139487097702],[78.58846559621037,19.005368267231802],[78.60536734053039,18.98648894880597],[78.63635765538157,18.977930001068728],[78.66010446444955,19.00085356983641],[78.66556570189567,19.01485610942194],[78.70101633123875,19.03606872519157],[78.75012172963415,19.01383731873733]]]},"properties":{"ST_CODE":"36","ST_NAME":"TELANGANA","DIST_NAME":"JAGTIAL"}},{"type":"Feature","geometry":{"type":"Polygon","coordinates":[[[78.08092391850408,18.94077198453948],[78.09596439354198,18.943973498178423],[78.11528203973438,18.962266308443418],[78.13029032084171,18.960883921855554],[78.14694609878347,18.96571098797176],[78.16069301057405,18.97959704736587],[78.16731880531864,18.99783049877857],[78.2016867588369,19.000851293652318],[78.22723703775915,19.008130999845832],[78.23941067286432,19.016167865954287],[78.24874685338466,19.014733504847413],[78.27882299928206,18.99025026703623],[78.27805155183768,18.948217805407467],[78.28523957574589,18.94276435339225],[78.29377899560421,18.944378670639196],[78.33619860008537,18.966193610946448],[78.37120630432753,18.996223665689683],[78.40887328497416,19.00402885564722],[78.41720920084401,18.99968455100128],[78.42637644102001,18.97717744028671],[78.4406390375616,18.96680608703133],[78.45257174788793,18.96426006764807],[78.45692978338286,18.95569252778796],[78.47730593432146,18.958231015349156],[78.49087145825126,18.973056675625116],[78.50827957394324,18.972488258226576],[78.52549946872557,18.950974008943433],[78.53699422360461,18.946021618702787],[78.53665250820677,18.942302130638893],[78.52841584421589,18.94292165740859],[78.52595391863849,18.93897795576811],[78.52805379244865,18.930358014211038],[78.52006223958074,18.923234049012194],[78.51895427032338,18.900700125010815],[78.51420170134747,18.892525356859778],[78.53615381164917,18.884498575748694],[78.54339602240856,18.85983544025339],[78.53738526771599,18.844233455509595],[78.54011679655298,18.84575354538987],[78.54817606387428,18.830672445277173],[78.54169805022491,18.81532426989918],[78.55061513228259,18.81202141525614],[78.55255744037362,18.791297407449463],[78.56362679164317,18.77895685097792],[78.55433603408079,18.76510533634223],[78.55747994254534,18.756035411804874],[78.55074557444874,18.750856539897427],[78.55233688254117,18.742966825358735],[78.57125861839057,18.73848504764686],[78.58171884534852,18.72306226990787],[78.62312150725182,18.728903818056835],[78.63736081135244,18.723266134524522],[78.64062102823794,18.717462872313774],[78.64083798608425,18.70186532302631],[78.63282287007945,18.673962956325397],[78.63792578884414,18.672254007916194],[78.65280549567711,18.638681054187373],[78.6643322007705,18.633543501631323],[78.66991704643459,18.62333531867006],[78.65418120479882,18.596553509037278],[78.65746833569517,18.59309391245415],[78.64398943626355,18.59652067748732],[78.62382283905282,18.59069395376298],[78.61517711033542,18.591046607614885],[78.60046013402803,18.575004499158354],[78.59761511074879,18.553320291498324],[78.5875739930454,18.549233536498548],[78.56365722020462,18.554901162958345],[78.55967032052894,18.55237668953265],[78.56431546458708,18.55248601201987],[78.56950751965638,18.54384497866289],[78.54961336846225,18.522728087631208],[78.55176944540364,18.504066443811382],[78.53947522650054,18.49617244580179],[78.53150610452315,18.478727117962194],[78.5302601046202,18.465721176491172],[78.5342072524628,18.462628022165518],[78.50178011865762,18.440074322971668],[78.48604487237304,18.43701456497024],[78.46620790816849,18.459752460607604],[78.45759332477218,18.4617719224363],[78.44623784789843,18.47449397131976],[78.42996514247739,18.470563068830586],[78.40559865285559,18.484398235590163],[78.39944157037223,18.482036915371395],[78.38714705019629,18.458988067445432],[78.35421643813817,18.465528354649905],[78.34357984513377,18.461739661955903],[78.3260713300279,18.463078967420472],[78.30723188664228,18.451996655121604],[78.28664192008858,18.459940376647126],[78.26429751022198,18.457403699421263],[78.25084352111168,18.4868775576532],[78.20550212991941,18.49678907225791],[78.20454256139016,18.501565611763624],[78.1991677847655,18.507720768798492],[78.18734354436913,18.510393375853653],[78.17647465558093,18.50634663169177],[78.15927196303073,18.48980557936403],[78.14720578342025,18.48714551335479],[78.07145195744192,18.504891440487654],[78.06029212358271,18.501667938424646],[78.04310113840688,18.486814364091686],[78.0381788026097,18.53484596387017],[78.05065524574303,18.56920662208796],[78.03803019144021,18.582137334370543],[78.04293874332842,18.60417186753773],[78.01472336579076,18.58374247043872],[78.0016123529278,18.602971501933325],[77.99385696292853,18.627451742304117],[77.96255564812469,18.643752059609938],[77.95457686652924,18.6145713911568],[77.93248980486067,18.600463085003412],[77.91848986791314,18.596745303852742],[77.89970402771877,18.603929552406953],[77.87731166510133,18.62685445846654],[77.865367536083,18.628782979051266],[77.83906003699116,18.624146868683113],[77.82979132810738,18.627642768199223],[77.80986614310808,18.6465473305949],[77.81130187118447,18.661020287556255],[77.80309765293441,18.66624649617893],[77.77651685347007,18.667290283519833],[77.75378972451625,18.65220737666914],[77.73113544154745,18.644265369251457],[77.73032298052118,18.656302739080218],[77.73582815884254,18.661208369071005],[77.73019370117845,18.66740775296546],[77.74937038583471,18.682874425714203],[77.75079017252847,18.695794864141703],[77.75967433400336,18.7068633970282],[77.77336130058359,18.70156432713202],[77.77213623419988,18.68915678106066],[77.78740797889515,18.68284980677322],[77.7898845913009,18.69535928919987],[77.79512443994099,18.69724567474816],[77.80430167698086,18.713385667214823],[77.80436659634142,18.727449412860153],[77.82763621344054,18.770878447882126],[77.83870450800669,18.80441535858199],[77.84437969236899,18.80734408086471],[77.85900390990258,18.8094493703922],[77.87112401735959,18.819359169090433],[77.88269886855801,18.818664022826454],[77.90658005252743,18.827803178074248],[77.94031979362364,18.825197620873553],[77.9478472792286,18.830740374668608],[77.94840955335826,18.844683085955694],[77.96807108231468,18.872381461235477],[77.98630037436283,18.88056426752695],[78.0150338612238,18.884519027231363],[78.02806390992157,18.87673375905581],[78.03757437995375,18.87736297152395],[78.04669477444435,18.936003888768482],[78.05777379972113,18.942335454117938],[78.08092391850408,18.94077198453948]]]},"properties":{"ST_CODE":"36","ST_NAME":"TELANGANA","DIST_NAME":"NIZAMABAD"}},{"type":"Feature","geometry":{"type":"Polygon","coordinates":[[[78.8045088536008,18.861803582269545],[78.82192520618338,18.888718938528257],[78.83785659730415,18.887379260744353],[78.84368603967903,18.86563165357802],[78.83073424458979,18.82459683237795],[78.83264228311492,18.801555922767648],[78.84493039022539,18.775955426601683],[78.84525096076328,18.76057811049145],[78.83087126080011,18.715417519902644],[78.80962945843282,18.707209886027442],[78.80205003608035,18.69617635565436],[78.80352846126954,18.681710341459166],[78.81165178909885,18.673917726721754],[78.81257426958695,18.65782383080517],[78.80729020487911,18.647078281337656],[78.79031909225239,18.6341371782882],[78.78885240141727,18.625880749896737],[78.79055459861587,18.618240448837696],[78.83247068077736,18.607030334782166],[78.84344395027813,18.595074777179263],[78.88459921947845,18.59177828523974],[78.90908657618462,18.56058735592177],[78.8954480039223,18.483309430885583],[78.91167672080405,18.472862079521406],[78.91573329365661,18.454505785213883],[78.93179217716732,18.441905423596495],[78.91571915361612,18.43354210448456],[78.92112434441304,18.41187588686273],[78.87944431630223,18.4152026230027],[78.85659745610775,18.40773538388089],[78.87818908395911,18.383840188473982],[78.87462106421083,18.352461226204696],[78.87716406187201,18.322570739048444],[78.86889065068306,18.30791486987539],[78.87015281589981,18.29297436617412],[78.85301761926775,18.288818178116458],[78.8348102949592,18.274109148218656],[78.82842661569583,18.253108207677712],[78.79275731080133,18.253670674262253],[78.76913821085981,18.26276292177147],[78.75001000775569,18.221215419556017],[78.73453450186582,18.21467721967798],[78.72338591402877,18.21552447727288],[78.72737342974006,18.221039950133616],[78.72489401594612,18.228579553203872],[78.70268399537014,18.234788286450282],[78.69005916679714,18.229872688373916],[78.67016592032104,18.24162446499713],[78.66337503433044,18.2410501264622],[78.64019323692838,18.256712132858695],[78.6321479873398,18.25469075097743],[78.62769428916016,18.246536346175503],[78.58858673758795,18.248677718302133],[78.57491140733566,18.223663219482034],[78.56765050686545,18.22279725059269],[78.55286500671474,18.259109239799614],[78.54379193275156,18.264865275911802],[78.5404144541638,18.27343397859528],[78.53198299611842,18.271744240604278],[78.52129112448586,18.278957143357502],[78.52395626806737,18.288124504942004],[78.53397820323153,18.291148852137837],[78.54125516199616,18.300072427300734],[78.53729310789066,18.317835929884325],[78.54957510590646,18.336424623397704],[78.54397539085164,18.35133026847717],[78.5334512023112,18.360764359087966],[78.53161191515784,18.387759797276885],[78.56302258392515,18.38571438281258],[78.56500518254319,18.39052624499027],[78.54193766019495,18.41243090975871],[78.54155159922698,18.420248442911372],[78.55415832714516,18.431058167100787],[78.54459234286242,18.45825788988975],[78.5342072524628,18.462628022165518],[78.5302601046202,18.465721176491172],[78.53150610452315,18.478727117962194],[78.53947522650054,18.49617244580179],[78.55176944540364,18.504066443811382],[78.54961336846225,18.522728087631208],[78.56950751965638,18.54384497866289],[78.56431546458708,18.55248601201987],[78.55967032052894,18.55237668953265],[78.56365722020462,18.554901162958345],[78.5875739930454,18.549233536498548],[78.59761511074879,18.553320291498324],[78.60046013402803,18.575004499158354],[78.61517711033542,18.591046607614885],[78.62382283905282,18.59069395376298],[78.64398943626355,18.59652067748732],[78.65746833569517,18.59309391245415],[78.65418120479882,18.596553509037278],[78.66991704643459,18.62333531867006],[78.6643322007705,18.633543501631323],[78.65280549567711,18.638681054187373],[78.63792578884414,18.672254007916194],[78.63282287007945,18.673962956325397],[78.64083798608425,18.70186532302631],[78.64062102823794,18.717462872313774],[78.63736081135244,18.723266134524522],[78.62312150725182,18.728903818056835],[78.62402959319121,18.744264976047873],[78.63151621000515,18.754787970288646],[78.64330841475157,18.758727660952843],[78.64717024211302,18.7738442492128],[78.66724424152858,18.772616176395502],[78.67863352751533,18.7946401838974],[78.73278070876273,18.78301006396333],[78.74475115464213,18.783742248805765],[78.76009589910649,18.798789573979718],[78.7867787437441,18.798826885952053],[78.79050602443351,18.811475012361996],[78.79795140373437,18.81720355350126],[78.79290504333312,18.846245420589753],[78.8045088536008,18.861803582269545]]]},"properties":{"ST_CODE":"36","ST_NAME":"TELANGANA","DIST_NAME":"RAJANNA SIRCILLA"}},{"type":"Feature","geometry":{"type":"Polygon","coordinates":[[[79.54511026132957,18.77758951544382],[79.63339970313388,18.72928540849483],[79.6447050212198,18.71706703571516],[79.65155281810814,18.715400333858383],[79.66328455513815,18.69048287008843],[79.6775130017237,18.67423937824475],[79.69179485544828,18.670720528929337],[79.71322130571872,18.68524804056466],[79.74759821108864,18.682255935862827],[79.7692905081505,18.696607442979143],[79.78656240353217,18.69868525462084],[79.79418357780992,18.695050721014013],[79.82410840737714,18.7240181988808],[79.82583864273926,18.735154332906177],[79.81843160693319,18.74619732774454],[79.8193280844236,18.75720229025353],[79.8431454291183,18.78000605493554],[79.84878477189977,18.795611862697342],[79.82635573852656,18.82747710998069],[79.82735325215094,18.854490468060703],[79.8376609037278,18.868948400948],[79.84303478103038,18.871051881039534],[79.85339300238519,18.866418286974408],[79.86677842178682,18.836963882876944],[79.87837542958249,18.828288873133033],[79.88971176348713,18.82552104855762],[79.90446352826928,18.829208127752963],[79.91543221842221,18.825412085799144],[79.92367479725414,18.808012335600836],[79.96296800217164,18.77465198430167],[80.0297539820607,18.75840548692372],[80.03978989268944,18.750880880048612],[80.05280836171659,18.725088991064126],[80.064631032796,18.723292033200835],[80.07459635833533,18.710546754828897],[80.08851680330787,18.707307084754234],[80.1161112934015,18.68109487512845],[80.1232413667957,18.68078648320966],[80.12856513027657,18.687464028542138],[80.14847297454821,18.693117157930544],[80.15771768322458,18.701010482347954],[80.16863282774284,18.69973996692596],[80.17871359026003,18.68329874114403],[80.19657763345106,18.68082598053462],[80.20043714775625,18.692590492457327],[80.21163809682076,18.705201164801963],[80.2193425069512,18.707949529846985],[80.23040684450035,18.701837060032346],[80.2522254369544,18.70682240233208],[80.27105865703146,18.723064288885894],[80.27171125187283,18.723335739352933],[80.28360572392506,18.717545447164696],[80.30179125406318,18.6903241937066],[80.31867301904464,18.642182493527287],[80.3274845971365,18.63541390712618],[80.3342032378892,18.61341870490935],[80.34464483988751,18.59723527518787],[80.3043302578352,18.587997888791563],[80.26925492097786,18.589001432370253],[80.22951654984894,18.553294628444405],[80.22440823335336,18.427328875527223],[80.21672340685978,18.389521418079028],[80.17262379325354,18.34942895867954],[80.14246824351466,18.37952836374302],[80.15081689648264,18.413972379221946],[80.12363793724109,18.425918610855263],[80.09858785584493,18.43172834188954],[80.08106672325073,18.421356947265338],[80.07890274216788,18.39130091740344],[80.07422791238832,18.388349704875054],[80.05729132203692,18.401630777738262],[80.04232868152349,18.404327823870005],[80.02942684827048,18.4000251929084],[80.02633187731436,18.403058701497912],[80.02322579163706,18.406103477693364],[80.02590878766046,18.416257364985483],[80.02148691558875,18.4198887743475],[80.02983059710442,18.44240395108153],[80.04645098492506,18.429188541318183],[80.07583763140161,18.4271831260005],[80.10254676142398,18.456789242129844],[80.1143440743196,18.45746678056753],[80.11689308304938,18.46634069426767],[80.09182806661204,18.467739700326945],[80.08499759516292,18.473446164009317],[80.05152233478799,18.481442463498922],[80.0659268875159,18.485629139473247],[80.06679306414867,18.49425638082738],[80.07509136767254,18.50022771823467],[80.08042991061194,18.499141423537935],[80.07860309435739,18.505364681734704],[80.08494398477711,18.509776943651104],[80.08639354352727,18.518726133304483],[80.03814817579774,18.51672583782721],[79.98465781080938,18.50090094442311],[79.96230031041108,18.48275533608995],[79.95379703790303,18.497200221613014],[79.95819685320225,18.512244875800434],[79.94317295177035,18.50480407404882],[79.90639488171848,18.515491302481678],[79.90183035288851,18.52098919089849],[79.87908130745643,18.524793395099152],[79.87393865754308,18.51856494421685],[79.87847009851629,18.49504947855064],[79.88707917896102,18.490670016707952],[79.89426711833289,18.467959081846175],[79.90498106562376,18.468540435093075],[79.90980726839081,18.460231690440196],[79.91841858994604,18.459143762574627],[79.92021015817232,18.45214494703174],[79.92585469273996,18.449955303794297],[79.92600587147382,18.445528164393295],[79.92093344422312,18.446082801480145],[79.91076140681355,18.414290678072405],[79.88147442140746,18.447173677323406],[79.87450989971217,18.4719504376626],[79.855067249554,18.475053967466692],[79.85452988214843,18.4871169859602],[79.81692548172566,18.478147817867523],[79.81760427471755,18.475122673872363],[79.80000635890639,18.469069640251746],[79.8226574987446,18.428437558846326],[79.81878411239694,18.409881911820833],[79.8105707822159,18.412779054409896],[79.81048333124079,18.419921879291337],[79.80497403582314,18.415991036157436],[79.78932090393664,18.433886723793307],[79.77328075600212,18.434198132937524],[79.75182113243937,18.46980874088075],[79.72921744802687,18.48851103585565],[79.68114579334372,18.493852426947967],[79.66885524187597,18.48008314542085],[79.65953667727587,18.47651281621353],[79.6397921426933,18.475313092725116],[79.62216100232843,18.485430445958343],[79.61201405960122,18.463659806255123],[79.60199648255167,18.473422873366985],[79.59450625495975,18.469871261749404],[79.58735197451409,18.462150934518036],[79.58776733269633,18.445295220198318],[79.5669759728629,18.424343487861734],[79.56905959952098,18.416332255129532],[79.579719246646,18.41323866013613],[79.57717644593629,18.404502528868647],[79.56241162659535,18.405897693024144],[79.53282806726156,18.392191823593862],[79.50963908607503,18.391905286100098],[79.48693629457438,18.379739559633038],[79.47721036946302,18.37949095644251],[79.44330920005962,18.40859718531192],[79.39660783788145,18.42207497498015],[79.36234346467921,18.441231973476818],[79.35663785175552,18.449422500448065],[79.3105745522738,18.476028198542565],[79.28423281958902,18.47064123070828],[79.25626637349438,18.449929302595308],[79.24049334399268,18.44398658701141],[79.2239781723548,18.514333170839222],[79.21613600047613,18.52957918952802],[79.22798925120304,18.545300687876477],[79.22725512832159,18.56333980748616],[79.2107895884688,18.574650044863745],[79.18561884683237,18.6115329929533],[79.19456805806948,18.62333026358084],[79.20823894657019,18.63043919391373],[79.23204992496414,18.626493189109453],[79.23093762007517,18.640938401985693],[79.24666552969052,18.64925355970405],[79.25504073783986,18.67673914099862],[79.26981489124427,18.675647883842828],[79.27950568613858,18.66436749946058],[79.29386952385948,18.664447790932854],[79.29917791522865,18.667617888554787],[79.30595099284409,18.68777515350058],[79.3308051767176,18.69660805451815],[79.31767705605137,18.7158449200071],[79.31716910726857,18.74029875987992],[79.29733127881553,18.7360529948499],[79.2915057215119,18.74220993164306],[79.29423174379997,18.769097549212574],[79.30847473062437,18.81605806362876],[79.33801238946029,18.815525798077147],[79.35277666651001,18.819819027526137],[79.37369177305692,18.851731937079307],[79.3937835026066,18.857551054337762],[79.4269225856089,18.85165682480266],[79.4877047508736,18.810365311010344],[79.50615795702413,18.78648234818189],[79.53186927124995,18.786345966892895],[79.54511026132957,18.77758951544382]]]},"properties":{"ST_CODE":"36","ST_NAME":"TELANGANA","DIST_NAME":"PEDDAPALLI"}},{"type":"Feature","geometry":{"type":"Polygon","coordinates":[[[78.84525096076328,18.76057811049145],[78.85758367514654,18.757240632849005],[78.87250707194386,18.74497850265584],[78.87889848357821,18.746405419174778],[78.88723352081041,18.758640118246888],[78.89608253767904,18.758300750978947],[78.91337289614228,18.734287150831392],[78.92329095151626,18.730048453573318],[78.94835532493835,18.73788513239299],[78.95173841619498,18.753605654077717],[78.98825791047426,18.74676984155502],[79.01128123743922,18.75235388232585],[79.01179996279808,18.669726441721934],[79.01961352724254,18.670367209579126],[79.02010233575425,18.650293848682225],[79.0332287108364,18.650069412073776],[79.04060682984141,18.633726223186727],[79.04631949434923,18.633131702965784],[79.05393020051838,18.65115706025017],[79.06312809498564,18.6602082384195],[79.0842460616065,18.650230679402398],[79.09267664281288,18.670522299464608],[79.1013439561587,18.67773694060736],[79.11477896687586,18.665108910447884],[79.14662944009666,18.65494395160215],[79.15863552700802,18.639190187377324],[79.17932005637556,18.63931708531527],[79.18561884683237,18.6115329929533],[79.2107895884688,18.574650044863745],[79.22725512832159,18.56333980748616],[79.22798925120304,18.545300687876477],[79.21613600047613,18.52957918952802],[79.2239781723548,18.514333170839222],[79.24049334399268,18.44398658701141],[79.25626637349438,18.449929302595308],[79.28423281958902,18.47064123070828],[79.3105745522738,18.476028198542565],[79.35663785175552,18.449422500448065],[79.36234346467921,18.441231973476818],[79.39660783788145,18.42207497498015],[79.44330920005962,18.40859718531192],[79.47721036946302,18.37949095644251],[79.48693629457438,18.379739559633038],[79.50963908607503,18.391905286100098],[79.53282806726156,18.392191823593862],[79.56241162659535,18.405897693024144],[79.57717644593629,18.404502528868647],[79.57569366263249,18.390746018613925],[79.57951680295815,18.38924838660381],[79.5747193946844,18.369915072422714],[79.57956527731574,18.350849690560835],[79.57391759422165,18.331214634947514],[79.57620205657969,18.309285970870917],[79.56407361960191,18.309098668169042],[79.5592715231623,18.30016576613724],[79.56240062249077,18.298755924146633],[79.56058177422955,18.287536251197082],[79.56715386775687,18.280059551207387],[79.56290187042504,18.263190035891512],[79.58171484856149,18.256579767042638],[79.579741209889,18.23956650768821],[79.59717597698983,18.21584975036575],[79.59852437460029,18.198416362824958],[79.61319033866323,18.188300244360846],[79.61091673921618,18.183030062487433],[79.60843645128125,18.184750299186987],[79.60199297699432,18.148694149115727],[79.6015048798464,18.141703154077334],[79.58322306469273,18.142041495218905],[79.5727457002539,18.13468334116334],[79.58073180862613,18.121033531872058],[79.56895135262289,18.12156381351923],[79.56522449731278,18.12869137510694],[79.54527251161716,18.134406750171422],[79.53839406223625,18.125250693065084],[79.51288297486946,18.127801776530816],[79.49647014608041,18.153161533178263],[79.47302980438201,18.16034966500507],[79.44386654770307,18.15528372546362],[79.42681558696984,18.17006536482478],[79.40695680521247,18.161829350144444],[79.40216955657985,18.15206594578683],[79.3793448071172,18.154525750762843],[79.37796766087888,18.164299556679225],[79.38451733790487,18.1799934494382],[79.38032982646035,18.20084279935577],[79.38326317215774,18.21294403274095],[79.35495688844969,18.222012038125115],[79.34954838724832,18.229144330146767],[79.35121694620517,18.2381680304303],[79.33870681356865,18.25445626804236],[79.314877564548,18.261284863505693],[79.30653435337774,18.260424184428643],[79.29611300860853,18.251148713542364],[79.29085486955665,18.23372462229355],[79.2692296987916,18.23585990331196],[79.26219388424045,18.237987555381437],[79.25615449603322,18.25760910137899],[79.24066681062487,18.25751825186586],[79.23328460779845,18.26556247712665],[79.22518625324307,18.25609156917062],[79.21899288671239,18.255510560364144],[79.19741490247583,18.28228902451889],[79.19119649971873,18.285212043301215],[79.16817886366368,18.275646342304924],[79.1268163313087,18.27188701337502],[79.10207762578187,18.26214911019332],[79.08395662559786,18.224121867430313],[79.08236544790714,18.196141827183624],[79.0491853495243,18.19763938455003],[79.04850743337141,18.218937442209267],[79.04094876737179,18.227315519195884],[79.02829253537226,18.221532147290816],[79.00686285923365,18.199199651642687],[78.97629818181571,18.20986527476265],[78.95458081525248,18.207815452721036],[78.95042246162734,18.2377344636746],[78.95768567155653,18.24987668366208],[78.95430913725693,18.253390512062538],[78.91455677807289,18.255626750074498],[78.89141276388801,18.244770192790213],[78.89009757644203,18.2391206454015],[78.8690090176521,18.24036039051964],[78.85577192703289,18.23468144699126],[78.84578345744069,18.246968059428468],[78.82842661569583,18.253108207677712],[78.8348102949592,18.274109148218656],[78.85301761926775,18.288818178116458],[78.87015281589981,18.29297436617412],[78.86889065068306,18.30791486987539],[78.87716406187201,18.322570739048444],[78.87462106421083,18.352461226204696],[78.87818908395911,18.383840188473982],[78.85659745610775,18.40773538388089],[78.87944431630223,18.4152026230027],[78.92112434441304,18.41187588686273],[78.91571915361612,18.43354210448456],[78.93179217716732,18.441905423596495],[78.91573329365661,18.454505785213883],[78.91167672080405,18.472862079521406],[78.8954480039223,18.483309430885583],[78.90908657618462,18.56058735592177],[78.88459921947845,18.59177828523974],[78.84344395027813,18.595074777179263],[78.83247068077736,18.607030334782166],[78.79055459861587,18.618240448837696],[78.78885240141727,18.625880749896737],[78.79031909225239,18.6341371782882],[78.80729020487911,18.647078281337656],[78.81257426958695,18.65782383080517],[78.81165178909885,18.673917726721754],[78.80352846126954,18.681710341459166],[78.80205003608035,18.69617635565436],[78.80962945843282,18.707209886027442],[78.83087126080011,18.715417519902644],[78.84525096076328,18.76057811049145]]]},"properties":{"ST_CODE":"36","ST_NAME":"TELANGANA","DIST_NAME":"KARIMNAGAR"}},{"type":"Feature","geometry":{"type":"Polygon","coordinates":[[[77.73113544154745,18.644265369251457],[77.75378972451625,18.65220737666914],[77.77651685347007,18.667290283519833],[77.80309765293441,18.66624649617893],[77.81130187118447,18.661020287556255],[77.80986614310808,18.6465473305949],[77.82979132810738,18.627642768199223],[77.83906003699116,18.624146868683113],[77.865367536083,18.628782979051266],[77.87731166510133,18.62685445846654],[77.89970402771877,18.603929552406953],[77.91848986791314,18.596745303852742],[77.93248980486067,18.600463085003412],[77.95457686652924,18.6145713911568],[77.96255564812469,18.643752059609938],[77.99385696292853,18.627451742304117],[78.0016123529278,18.602971501933325],[78.01472336579076,18.58374247043872],[78.04293874332842,18.60417186753773],[78.03803019144021,18.582137334370543],[78.05065524574303,18.56920662208796],[78.0381788026097,18.53484596387017],[78.04310113840688,18.486814364091686],[78.06029212358271,18.501667938424646],[78.07145195744192,18.504891440487654],[78.14720578342025,18.48714551335479],[78.15927196303073,18.48980557936403],[78.17647465558093,18.50634663169177],[78.18734354436913,18.510393375853653],[78.1991677847655,18.507720768798492],[78.20454256139016,18.501565611763624],[78.20550212991941,18.49678907225791],[78.25084352111168,18.4868775576532],[78.26429751022198,18.457403699421263],[78.28664192008858,18.459940376647126],[78.30723188664228,18.451996655121604],[78.3260713300279,18.463078967420472],[78.34357984513377,18.461739661955903],[78.35421643813817,18.465528354649905],[78.38714705019629,18.458988067445432],[78.39944157037223,18.482036915371395],[78.40559865285559,18.484398235590163],[78.42996514247739,18.470563068830586],[78.44623784789843,18.47449397131976],[78.45759332477218,18.4617719224363],[78.46620790816849,18.459752460607604],[78.48604487237304,18.43701456497024],[78.50178011865762,18.440074322971668],[78.5342072524628,18.462628022165518],[78.54459234286242,18.45825788988975],[78.55415832714516,18.431058167100787],[78.54155159922698,18.420248442911372],[78.54193766019495,18.41243090975871],[78.56500518254319,18.39052624499027],[78.56302258392515,18.38571438281258],[78.53161191515784,18.387759797276885],[78.5334512023112,18.360764359087966],[78.54397539085164,18.35133026847717],[78.54957510590646,18.336424623397704],[78.53729310789066,18.317835929884325],[78.54125516199616,18.300072427300734],[78.53397820323153,18.291148852137837],[78.52395626806737,18.288124504942004],[78.52129112448586,18.278957143357502],[78.53198299611842,18.271744240604278],[78.5404144541638,18.27343397859528],[78.54379193275156,18.264865275911802],[78.55286500671474,18.259109239799614],[78.56765050686545,18.22279725059269],[78.56126485988545,18.20734759571502],[78.56946516158797,18.19621505358191],[78.56696173049954,18.177928954957338],[78.54456220208402,18.180044047994443],[78.53684248009642,18.186950513055763],[78.52197359300698,18.182623584211115],[78.51592300464301,18.166641952464204],[78.50242748933721,18.175752832127557],[78.48386718382352,18.148562078277337],[78.48338781549535,18.141895401251816],[78.49161263091821,18.13277482779614],[78.47992309637385,18.126292437146333],[78.46739301767366,18.125345915981313],[78.45827874576759,18.120875622611948],[78.44164574765318,18.130330006424686],[78.44581927553918,18.14521642220018],[78.43319137038549,18.163160151619763],[78.42486005634657,18.156603040797734],[78.42146090589614,18.14147890542722],[78.41195893355797,18.130918718823864],[78.38975773533127,18.129032712789524],[78.38386134112807,18.123962592299847],[78.37517797488368,18.13529768424081],[78.37449354494123,18.14486832970971],[78.3632755132544,18.147015015030945],[78.36547585752487,18.155005189238125],[78.35790863267732,18.17207164529026],[78.33793631960555,18.1803346216455],[78.33274748860578,18.196299560176612],[78.31857518939353,18.20076212207431],[78.31278321817103,18.202589098408225],[78.3139061053825,18.17927672394171],[78.29780164333124,18.162146406131797],[78.27788931593926,18.143379024522403],[78.25705391630527,18.13982128312574],[78.24876092507668,18.155655348715413],[78.22744066495477,18.175525167852243],[78.21640552029857,18.175886401236482],[78.22160526636998,18.183250134686034],[78.21542305682868,18.213316888063957],[78.20700978037712,18.216990463938828],[78.19401419909605,18.207815031838322],[78.17987822979654,18.205072595124193],[78.16893168005305,18.167494448609943],[78.16962432260448,18.15305224216729],[78.18019225326992,18.135328164962914],[78.17665685912681,18.118932612150388],[78.17961321128075,18.09847173428318],[78.15389417007992,18.085685274156106],[78.14350980453389,18.069670397171137],[78.11692806887532,18.072445787742936],[78.1157387028789,18.088260960375067],[78.1074781241162,18.09366398290655],[78.10147923417935,18.090723314029788],[78.09696669875422,18.069790545697174],[78.0924927892109,18.06777947274452],[78.08573358363805,18.072168700325335],[78.08391414182427,18.06760194567329],[78.07398485661588,18.07145810640651],[78.0714653933133,18.060089297982756],[78.0679916171195,18.07010608632686],[78.0597290517544,18.072186770403164],[78.05565221178023,18.07967365611438],[78.05156536145233,18.073869623184635],[78.04413977533045,18.08008001478089],[78.04050502408762,18.075627751019965],[78.04508029172212,18.068005698104514],[78.03740810519997,18.070010437131998],[78.03480687913424,18.064619652574947],[78.02878234053264,18.07431247723906],[78.03309765553246,18.077290969802448],[78.02941214475476,18.084335010452435],[78.0198299744738,18.082388987261993],[78.01058780548288,18.090056044950586],[78.01564915848195,18.0800132041461],[78.01313903913541,18.075980394979297],[78.00472864770899,18.08809408757213],[77.9992612705912,18.08384200300611],[77.99521702114868,18.107200989334217],[77.97577804921764,18.115198423768277],[77.93980943555704,18.11196422876617],[77.92994107402143,18.098594003410597],[77.91113737149254,18.10017991647004],[77.89581636733152,18.09150483837766],[77.90200330101158,18.097542796662765],[77.89889565860784,18.099534526097557],[77.90811888337981,18.100107522843928],[77.9057538390685,18.106221564673547],[77.9142149972244,18.101148010572274],[77.91811316888771,18.106605981680786],[77.92697175993885,18.104389010744285],[77.9294963214981,18.116247619631963],[77.91873723273716,18.113505820537227],[77.90909769650153,18.124359013457763],[77.92360647885596,18.128131649655984],[77.92532046167003,18.13151614385498],[77.91920199067937,18.136665882224747],[77.92497893872712,18.142010923665225],[77.93059124518987,18.14047863628008],[77.92926373073664,18.14508595305432],[77.93567256403765,18.149226033354807],[77.92597530031992,18.155369938072226],[77.92055556478755,18.150879627592815],[77.92534648625139,18.14959874118898],[77.92316072089062,18.14757103527512],[77.91451013583418,18.148646237733715],[77.91442223339942,18.14138598747337],[77.91007765086295,18.14747998970978],[77.90279719283626,18.144585887728567],[77.90432168759588,18.15265310415748],[77.89519141944851,18.159022918572873],[77.90352558253966,18.168377099023928],[77.90033476813511,18.173323505175688],[77.90380339750885,18.19259694339428],[77.88240365350589,18.186924869786935],[77.86877157974465,18.189392205685806],[77.86255804231985,18.194589137778507],[77.86513397855032,18.202422149162885],[77.85432409248295,18.207688140195557],[77.84891596180228,18.201971800158503],[77.82942906589875,18.2005535153325],[77.82709521097524,18.194188494303603],[77.81109370780842,18.19594827059626],[77.79668385627502,18.204922121458765],[77.78657498364862,18.19666384675918],[77.77994035216557,18.200062560139088],[77.77678562125948,18.19068649468602],[77.76970105356082,18.188363321909833],[77.75860220272955,18.20526271090546],[77.74206091028282,18.205615662432933],[77.74338302700517,18.224810669876547],[77.73802875402384,18.224488487753547],[77.73639553752412,18.23521577378898],[77.72812926965014,18.23381484407986],[77.72906396203228,18.25310172176711],[77.71977252548174,18.26028075964939],[77.68753210891975,18.2602191785723],[77.68622232999661,18.26648407627914],[77.66471614043758,18.283638224324648],[77.64062098077369,18.286004166159387],[77.62547543794119,18.283935110317145],[77.61997831394808,18.27454769272191],[77.60042905095997,18.27567744805583],[77.60540471115854,18.281181057060166],[77.58186997931614,18.285242106737883],[77.57288361528668,18.293086813805473],[77.56163673065066,18.284591779087407],[77.55157971383278,18.29210481438571],[77.55340458485375,18.298203300641887],[77.57154066756783,18.30890394246302],[77.57063983466071,18.31817733141878],[77.55821372298499,18.33148376696232],[77.52594806694981,18.34221393352624],[77.52046675843422,18.35725724772385],[77.52574375447074,18.372761753152417],[77.53887791768182,18.385903056081247],[77.55187330740728,18.388897968466495],[77.5569715685831,18.419193634378757],[77.52851425362996,18.428889535623625],[77.52788215883464,18.44207485317196],[77.54146069325645,18.444567710931153],[77.56450196799148,18.4372273877338],[77.56938945326073,18.44277441061064],[77.58561339204448,18.44667544841326],[77.58393318326983,18.456077857707044],[77.551126342207,18.460317059484737],[77.5489423350208,18.46848366988553],[77.57321198654398,18.469686402505545],[77.57674518813997,18.486624641314222],[77.59260342480826,18.484541127970715],[77.59462387679054,18.476742806135633],[77.60345694328339,18.4766736069015],[77.60506030408982,18.496165678403372],[77.5947667466881,18.496003296814763],[77.58602943191283,18.504209093374982],[77.58787744968464,18.513072037144866],[77.5971970664915,18.516098901543103],[77.60040328448406,18.522513003971994],[77.59669184175516,18.53041524606681],[77.59081288001045,18.526879695441664],[77.5964949819579,18.549154370078156],[77.61019497252005,18.55009814921027],[77.6126194332403,18.54469466892391],[77.6153114206856,18.551061278155487],[77.62937742722653,18.553887518194472],[77.62774897173773,18.54833963736445],[77.63411970256226,18.54412873095623],[77.63974294208316,18.5551553950055],[77.64803313282289,18.555143049112473],[77.65219060691106,18.552004077925915],[77.64601805069253,18.539048281752855],[77.65598506515869,18.531109903998924],[77.6808044335778,18.545466531855027],[77.68844415907074,18.545164463968888],[77.70167648328311,18.555386250974777],[77.72337123279624,18.55353842026193],[77.73862325356038,18.557001139291174],[77.73976448514293,18.56884209358782],[77.75046618636549,18.58943212129543],[77.74577844681795,18.621506481638846],[77.73113544154745,18.644265369251457]]]},"properties":{"ST_CODE":"36","ST_NAME":"TELANGANA","DIST_NAME":"KAMAREDDY"}},{"type":"Feature","geometry":{"type":"Polygon","coordinates":[[[80.38844869615048,18.596693511896092],[80.39584509297674,18.604965682919953],[80.4199983785224,18.610433807374363],[80.42240267914036,18.615155753535248],[80.42761202097802,18.61291193783569],[80.45612329165664,18.629396925527715],[80.4655358578936,18.623982163246296],[80.48826651398849,18.631127495437624],[80.50158678110512,18.62156444564272],[80.51472612710916,18.619381752366053],[80.53449926642804,18.588373826091242],[80.55640306604874,18.57978595435833],[80.57150171463246,18.564645650976047],[80.59979060725078,18.55306428149146],[80.61841963985455,18.527590891906186],[80.63763977705412,18.522551171199666],[80.64090481610441,18.511335055968118],[80.63704481886333,18.504763703482183],[80.6552830267903,18.475899390444567],[80.68614754357435,18.45824436858277],[80.6880074225046,18.4473987812288],[80.70162398116184,18.444585361924965],[80.70541195979416,18.4396887044702],[80.69831287973568,18.43766685943808],[80.69895877732574,18.421436120880344],[80.71829253397334,18.409737344003247],[80.7228900823115,18.41515980268281],[80.7348343471275,18.412864392877452],[80.73195666496815,18.401019915936445],[80.71959135825466,18.391129528205227],[80.72942706091021,18.378818620582933],[80.72686079419037,18.369337718460997],[80.73152783224373,18.354796301508145],[80.74763267560758,18.330007291503364],[80.74875464461121,18.30899294117137],[80.75814950859302,18.30099363524812],[80.75980395808625,18.289440934351717],[80.7690882396306,18.28767222419384],[80.78024936671494,18.26611680035012],[80.793857019386,18.259482469240595],[80.79264975598153,18.24949529377284],[80.73713495771216,18.222060386577652],[80.73702823246703,18.176786741315084],[80.74407024604506,18.17104013729255],[80.79910490796522,18.16821483074989],[80.81746223469446,18.189148662081152],[80.82406151023059,18.191082151420176],[80.82358667448551,18.236120379352087],[80.8367210967013,18.238960486037627],[80.8434241099348,18.23248269092352],[80.86593584226534,18.230172975602386],[80.87260372618107,18.210620336559316],[80.87096131771068,18.204838466522062],[80.85290312977565,18.202044646143577],[80.85853525369907,18.186498824960836],[80.860151880405,18.14790983686953],[80.86665905726971,18.136967046292227],[80.89107156879794,18.1360253769696],[80.91416386926721,18.141214419310074],[80.95161469066551,18.16370370905895],[80.95765075407911,18.173592882705407],[80.97902436378342,18.175458208829298],[80.97846084139479,18.15443477264671],[80.95550560749786,18.129105503915923],[80.94925026598702,18.082907673950047],[80.96904408431709,18.046474077516734],[80.96425213582745,18.038186457039387],[80.97962091377423,18.003315483023187],[80.98767851195385,17.9442127971829],[80.9984006844441,17.917476240536132],[80.99415704271343,17.88063076899482],[80.99644090162639,17.848429703168335],[81.00832411596525,17.798125537263786],[81.04363380715455,17.782792253759567],[81.07326118775364,17.786499195381623],[81.09765745932435,17.812420726135656],[81.12791452363643,17.82704805172625],[81.16613146489527,17.857651447656224],[81.1993036834183,17.846982484454145],[81.21560371743766,17.834557555386937],[81.23929207327063,17.826070472474385],[81.24836759249047,17.816676466445813],[81.26611706385148,17.809486795878968],[81.35403626466194,17.8122797394185],[81.377077087038,17.804561671284148],[81.39229201256637,17.79416584028138],[81.39179927851393,17.81545081820076],[81.40164018104957,17.82098291952616],[81.41558365316314,17.81345613179508],[81.43411032942822,17.831964575205006],[81.44418136038155,17.825005208423704],[81.47424316479027,17.838015622223224],[81.490030693162,17.81273380891821],[81.51838926525244,17.8162814770086],[81.530161355762,17.82293826149163],[81.56366846652656,17.8257354543278],[81.57430319973292,17.837200335527086],[81.5941696787877,17.834071495203375],[81.61653321003968,17.82210481928206],[81.62232695562454,17.83347438403564],[81.63012996292753,17.83205002788651],[81.640759242645,17.840225391388742],[81.6619097521334,17.881227131027345],[81.67089673039982,17.887266717085367],[81.68608095936884,17.885334467012115],[81.69963103024793,17.90099682414416],[81.70433721578996,17.877715363872994],[81.70964912530695,17.871796275277916],[81.76328218572434,17.90256814840137],[81.77265987085639,17.897527017557877],[81.77456984831991,17.886431929490016],[81.80690127357497,17.86917689279943],[81.8113643292005,17.859526082662626],[81.7895024559736,17.83992693607928],[81.77422147074435,17.84002328224875],[81.76414131077291,17.827090568075334],[81.74671980417565,17.831843121762688],[81.731350037874,17.824704566862295],[81.71197879388626,17.810264724737294],[81.70632951899216,17.791013358579676],[81.69902434309904,17.782356710293982],[81.67595791162836,17.776182971466994],[81.63398908063164,17.773681576443664],[81.61577278558565,17.75102583567383],[81.58348036212908,17.732415162729637],[81.58156068817527,17.69324588618872],[81.57295500267128,17.682267781932637],[81.56778363021044,17.68166981730826],[81.54429159817875,17.636054265991618],[81.54154595358295,17.637603941768532],[81.52422504514976,17.621517783618856],[81.52349813213317,17.605874163861643],[81.51646370523588,17.600346681454255],[81.53667908796962,17.584566392624993],[81.53415837820666,17.574108647795924],[81.52963702582815,17.571788601063133],[81.53182883013648,17.567495816778546],[81.52661761141371,17.560491395761346],[81.52168636423437,17.562883971917813],[81.51227154519569,17.544979957459134],[81.51508899616033,17.533618805863227],[81.51049188399332,17.519394443099145],[81.51659308620202,17.509044011671847],[81.52360341756372,17.508883829824924],[81.52464714465009,17.504837441794564],[81.51574451110037,17.4844842964132],[81.49834408730982,17.48149327269641],[81.49563527264979,17.47738059833597],[81.50310670531024,17.463912716498726],[81.48701132910963,17.435151215756036],[81.46036336737558,17.41124804156391],[81.43977458343034,17.37990404943241],[81.42647485053396,17.38053576831112],[81.42396158445962,17.367584174669958],[81.4080804123812,17.369609310321437],[81.38839953361162,17.36238993874474],[81.37972744936235,17.363511552516172],[81.35396342407284,17.377518259560077],[81.35009545614042,17.382359083504923],[81.35176587849253,17.395413887840675],[81.33415912864092,17.398648037876683],[81.30524731341285,17.346220424233252],[81.27397369053347,17.317510718145172],[81.24562236338141,17.326115371227445],[81.2335192297287,17.320685896037332],[81.21026168063213,17.32637068336038],[81.19036517501286,17.325133803482288],[81.17661427472905,17.287986086888452],[81.17813270176282,17.269361657014883],[81.18755049665816,17.254976268839812],[81.17360666121851,17.23104714830731],[81.1013714660204,17.222534208087268],[81.07942052303878,17.215405386549378],[81.05492691694371,17.225346800014847],[81.04758486255145,17.205597576367097],[81.03199911236919,17.19210469697424],[81.01250695543172,17.1947979209873],[80.99841348539411,17.19064784921892],[80.9754400627088,17.200823867027907],[80.9677383865174,17.198728845060202],[80.96821070236206,17.20313207868253],[80.95892798923535,17.205264052893767],[80.94296222692532,17.21841831954987],[80.93538890557357,17.22022256102241],[80.91918367808432,17.235871610886193],[80.89230894330314,17.240962316857463],[80.8753179430687,17.251822162063206],[80.8767877797323,17.25807932560042],[80.88984259396062,17.26834129341603],[80.89185769947329,17.338176290703302],[80.89081320436594,17.345976164768217],[80.87483972137608,17.350953605624454],[80.85911127036889,17.348067260295863],[80.84301212241155,17.335097047990416],[80.80246720779547,17.34006385706141],[80.79423499724737,17.32764341740983],[80.75031374078657,17.305912773255955],[80.74420699155945,17.29622480583015],[80.71885768953081,17.2894271371527],[80.70479560403396,17.27391382376402],[80.69086739521418,17.277156275441826],[80.67228980652942,17.29051036965791],[80.64348311665259,17.283680919838616],[80.6213144603941,17.320558489982375],[80.61321956822854,17.32646457797796],[80.59405776735213,17.322857075293825],[80.58295920700186,17.341733529378928],[80.57863161175953,17.360338054557644],[80.58657761666376,17.39287658558601],[80.58030098370347,17.420793066247086],[80.58267901512448,17.427209408887165],[80.58991509340689,17.439436559050023],[80.57938963142641,17.4493385390424],[80.57567668053446,17.467871415233674],[80.54388335833039,17.489463206761627],[80.49714812948264,17.490102204752986],[80.48146151763501,17.50716259577723],[80.4645934754086,17.50603120277782],[80.42696570160592,17.52251853500246],[80.40976426271061,17.519981805615885],[80.3975500322083,17.546081414725563],[80.38007335310283,17.531451479302405],[80.36101468198206,17.502463278357652],[80.34947530004513,17.498930692797273],[80.3355263708454,17.525770573453258],[80.3355309196163,17.546335563135756],[80.327502962192,17.56574415327009],[80.25278142032636,17.56560179328818],[80.25243511748675,17.542075967432027],[80.2364299882534,17.546667533479933],[80.22705485269933,17.54403140022896],[80.22944951618229,17.5354960282192],[80.23973117465403,17.528680016069927],[80.23225240892157,17.501192757539798],[80.23505462177343,17.4863922234224],[80.21531443451357,17.471383632049026],[80.21693450562299,17.442499077070806],[80.22992817044877,17.44636154564887],[80.25470802625449,17.44367565470776],[80.25907848588349,17.450801269263195],[80.24889223199096,17.459808404933995],[80.2463701417687,17.477724163639266],[80.257188003024,17.473964640455847],[80.27565563879676,17.45323709831348],[80.30057053949884,17.47579456117012],[80.36536350572129,17.449040275288496],[80.36735219904483,17.43939063427041],[80.35702144478392,17.40039639008137],[80.34651841908982,17.398131255053443],[80.34328071942974,17.387528833588874],[80.3177875231757,17.36142671177339],[80.24366799558157,17.37161161488416],[80.22778924717608,17.37853334413859],[80.20854504861518,17.40085853099646],[80.18918398495299,17.39118084192239],[80.1661034125425,17.407436823550597],[80.16250553620159,17.420512875269026],[80.17023374239335,17.437615644146717],[80.16719367774607,17.454908302176477],[80.1288747101998,17.44546780929204],[80.12981658726574,17.479892687197832],[80.09518172036019,17.497912435410626],[80.08545479250472,17.525770671479336],[80.09145331282019,17.526171639609515],[80.09813420902657,17.53599948308971],[80.0944707837997,17.545906180925556],[80.08470187379248,17.550448810364344],[80.0880841052973,17.573561950823432],[80.08160372283362,17.58223816745749],[80.05503186802633,17.591533313711523],[80.07542882478049,17.650132426870073],[80.0858725257965,17.652439941550085],[80.09066823525092,17.65891011670857],[80.08193193670957,17.674180434179732],[80.04481387346152,17.694545935346696],[80.04692397975793,17.708076535903444],[80.06504770039112,17.706938746026367],[80.13185747274423,17.72904096307002],[80.1409556377925,17.744354543327574],[80.15757198405987,17.749046300146688],[80.16948710994222,17.741602347170613],[80.16810055319803,17.72470701141947],[80.17765164290904,17.72170631459477],[80.1719672899585,17.708208580661505],[80.23374420792891,17.752169131200503],[80.24124483438163,17.734579205865714],[80.24768958390723,17.733845414834093],[80.24990470224026,17.742732296758163],[80.25922293139325,17.749496746277885],[80.25666445729894,17.76307648938854],[80.25790494435773,17.77754453335359],[80.25244353783904,17.7800061945303],[80.25580756436767,17.79110291216972],[80.24785257613553,17.824443267942513],[80.26288932708081,17.84596284840677],[80.26581576778352,17.862080487324704],[80.27660383000278,17.881004522740568],[80.2774945698186,17.906628665680444],[80.2695004215073,17.915583502176958],[80.26737689462806,17.926166463211757],[80.26852304820017,17.951177018504666],[80.27495705082731,17.966211252247547],[80.2936659072559,17.964245839673822],[80.30993732844502,17.97572415944245],[80.31578452343706,17.99583276566966],[80.34113039455212,18.014271289488477],[80.34632323383022,18.036394839350407],[80.35689780149238,18.048274865592646],[80.39193238557118,18.081695100948195],[80.43128006602228,18.060081719395896],[80.4450604874516,18.067054790046598],[80.45919409603079,18.061386067313208],[80.45592267898849,18.079890309989878],[80.47153050482899,18.098962413384697],[80.47879768796298,18.120630093304214],[80.4692522693768,18.13887322322074],[80.48138995768045,18.14295594026447],[80.48859855807706,18.14081494855111],[80.49449737235591,18.145279351361012],[80.50215476952707,18.129607354395944],[80.53719595732764,18.09567628433308],[80.54445011288249,18.097208044715558],[80.54919159501617,18.103873499562383],[80.55925875258941,18.10517670713938],[80.58417736299498,18.08861303326495],[80.60090313157434,18.08413224660592],[80.60758232986069,18.08844098036701],[80.61548323736156,18.10461275757274],[80.61648970913285,18.118744330086827],[80.61885003380206,18.11388490906137],[80.6350626878928,18.10950064573825],[80.63774107309212,18.114465439428557],[80.64277286447617,18.125901187090165],[80.62255469114615,18.12837082255544],[80.6312073824148,18.14138695874118],[80.6546862474724,18.13471849656139],[80.65710853992721,18.143734039994],[80.6465252884114,18.15680207155839],[80.6555425558443,18.15436352026029],[80.6566343139225,18.159680542423132],[80.66677746870528,18.1750226015119],[80.65832972753498,18.175172789192914],[80.63274888065638,18.191698283249195],[80.62737296189272,18.204933454715217],[80.61666845388612,18.20512097325434],[80.6104216802164,18.21409906442034],[80.57205438130472,18.240641925984164],[80.54835887316352,18.250946983916208],[80.53764317848993,18.263520062800694],[80.50010285206503,18.26765872936693],[80.47458104298079,18.30385168340854],[80.46776037234338,18.32563154116275],[80.47149144457455,18.33920606550754],[80.4651812875864,18.35581532601651],[80.47403135846048,18.38473664977664],[80.45818137846788,18.39790475609965],[80.45553809920398,18.40701316262738],[80.46551648739603,18.438020852380475],[80.46245002944534,18.448917578783266],[80.44425794684685,18.461162263927406],[80.39839774036346,18.460051213592692],[80.3860506584112,18.46622619618205],[80.3767949249459,18.480295276605773],[80.38313394297717,18.506151181132168],[80.37398577202583,18.534031608871715],[80.40270941940423,18.56842802593269],[80.38844869615048,18.596693511896092]]]},"properties":{"ST_CODE":"36","ST_NAME":"TELANGANA","DIST_NAME":"BHADRADRI KOTHAGUDEM"}},{"type":"Feature","geometry":{"type":"Polygon","coordinates":[[[80.02633187731436,18.403058701497912],[80.02942684827048,18.4000251929084],[80.04232868152349,18.404327823870005],[80.05729132203692,18.401630777738262],[80.07422791238832,18.388349704875054],[80.07890274216788,18.39130091740344],[80.08106672325073,18.421356947265338],[80.09858785584493,18.43172834188954],[80.12363793724109,18.425918610855263],[80.15081689648264,18.413972379221946],[80.14246824351466,18.37952836374302],[80.17262379325354,18.34942895867954],[80.21672340685978,18.389521418079028],[80.22440823335336,18.427328875527223],[80.22951654984894,18.553294628444405],[80.26925492097786,18.589001432370253],[80.3043302578352,18.587997888791563],[80.34464483988751,18.59723527518787],[80.3556303716444,18.594672228040963],[80.36755608974181,18.608233692430986],[80.37567152871816,18.610705140929554],[80.38844869615048,18.596693511896092],[80.40270941940423,18.56842802593269],[80.37398577202583,18.534031608871715],[80.38313394297717,18.506151181132168],[80.3767949249459,18.480295276605773],[80.3860506584112,18.46622619618205],[80.39839774036346,18.460051213592692],[80.44425794684685,18.461162263927406],[80.46245002944534,18.448917578783266],[80.46551648739603,18.438020852380475],[80.45553809920398,18.40701316262738],[80.45818137846788,18.39790475609965],[80.47403135846048,18.38473664977664],[80.4651812875864,18.35581532601651],[80.47149144457455,18.33920606550754],[80.46776037234338,18.32563154116275],[80.47458104298079,18.30385168340854],[80.50010285206503,18.26765872936693],[80.53764317848993,18.263520062800694],[80.54835887316352,18.250946983916208],[80.57205438130472,18.240641925984164],[80.6104216802164,18.21409906442034],[80.61666845388612,18.20512097325434],[80.62737296189272,18.204933454715217],[80.63274888065638,18.191698283249195],[80.65832972753498,18.175172789192914],[80.66677746870528,18.1750226015119],[80.6566343139225,18.159680542423132],[80.6555425558443,18.15436352026029],[80.6465252884114,18.15680207155839],[80.65710853992721,18.143734039994],[80.6546862474724,18.13471849656139],[80.6312073824148,18.14138695874118],[80.62255469114615,18.12837082255544],[80.64277286447617,18.125901187090165],[80.63774107309212,18.114465439428557],[80.6350626878928,18.10950064573825],[80.61885003380206,18.11388490906137],[80.61648970913285,18.118744330086827],[80.61548323736156,18.10461275757274],[80.60758232986069,18.08844098036701],[80.60090313157434,18.08413224660592],[80.58417736299498,18.08861303326495],[80.55925875258941,18.10517670713938],[80.54919159501617,18.103873499562383],[80.54445011288249,18.097208044715558],[80.53719595732764,18.09567628433308],[80.50215476952707,18.129607354395944],[80.49449737235591,18.145279351361012],[80.48859855807706,18.14081494855111],[80.48138995768045,18.14295594026447],[80.4692522693768,18.13887322322074],[80.47879768796298,18.120630093304214],[80.47153050482899,18.098962413384697],[80.45592267898849,18.079890309989878],[80.45919409603079,18.061386067313208],[80.4450604874516,18.067054790046598],[80.43128006602228,18.060081719395896],[80.39193238557118,18.081695100948195],[80.35689780149238,18.048274865592646],[80.34632323383022,18.036394839350407],[80.34113039455212,18.014271289488477],[80.31578452343706,17.99583276566966],[80.30993732844502,17.97572415944245],[80.2936659072559,17.964245839673822],[80.27495705082731,17.966211252247547],[80.26852304820017,17.951177018504666],[80.26737689462806,17.926166463211757],[80.2695004215073,17.915583502176958],[80.2774945698186,17.906628665680444],[80.27660383000278,17.881004522740568],[80.26581576778352,17.862080487324704],[80.26288932708081,17.84596284840677],[80.24785257613553,17.824443267942513],[80.25580756436767,17.79110291216972],[80.25244353783904,17.7800061945303],[80.25790494435773,17.77754453335359],[80.25666445729894,17.76307648938854],[80.25922293139325,17.749496746277885],[80.24990470224026,17.742732296758163],[80.24768958390723,17.733845414834093],[80.24124483438163,17.734579205865714],[80.23374420792891,17.752169131200503],[80.1719672899585,17.708208580661505],[80.17765164290904,17.72170631459477],[80.16810055319803,17.72470701141947],[80.16948710994222,17.741602347170613],[80.15757198405987,17.749046300146688],[80.1409556377925,17.744354543327574],[80.13424935462405,17.79861912926947],[80.1104950856797,17.7740142779366],[80.07120604732131,17.778616480266408],[80.05649490401669,17.835255728768914],[80.0233338946436,17.830104750234113],[80.01518249897322,17.833611008141588],[80.00488200959711,17.883116410593914],[80.00068474770302,17.89081235450658],[79.9817544314219,17.890586980804585],[79.97908612852206,17.89954862426964],[79.98668767599548,17.934341390542784],[79.98099538832656,17.93627165131568],[79.9801928225408,17.92632696251934],[79.97531768226526,17.922788744505],[79.97163152217706,17.931956704138656],[79.98111363028988,17.962594697887027],[80.00752482031425,18.012340144681957],[80.01140954711298,18.07120467385664],[80.0172312652108,18.096745303053353],[80.01720148326189,18.108134437953993],[80.01339108273231,18.110788679953657],[80.00074844308625,18.11076080097024],[79.9443934109272,18.07598836926786],[79.9010140130863,18.069141392561278],[79.8779108865782,18.090151710333203],[79.8513646480601,18.086663481134792],[79.82652920785671,18.09433657237497],[79.83382227257988,18.117494147437014],[79.84993667124047,18.1398174448193],[79.84914668786939,18.14950602018672],[79.80858288479237,18.1447249337088],[79.80123635177625,18.130671609407273],[79.80963217508486,18.108355734129873],[79.80614363651966,18.09967118797499],[79.76662952932935,18.08871878634295],[79.75552294342913,18.089378403990224],[79.73715301090277,18.098711827189106],[79.71344878293502,18.099147787940126],[79.67026034174143,18.12510274019934],[79.67578144076094,18.1390376138948],[79.70631927341577,18.126570733252777],[79.72800369961112,18.129137062925167],[79.73251043171109,18.14857702051313],[79.75117087493601,18.151492214294308],[79.75840581647532,18.1818777863308],[79.7500023651171,18.202431845653223],[79.72748229697049,18.206237610177595],[79.71864273647316,18.228729187801832],[79.70526719342627,18.238166984518784],[79.7073436965544,18.24556047473618],[79.70885659815355,18.257040869240768],[79.70359837636403,18.264272274645805],[79.67181675433977,18.24228569512877],[79.66306288304565,18.243202823751346],[79.6378760426453,18.259864596573948],[79.6201864877163,18.24969221202599],[79.60124079302824,18.250382292408915],[79.579741209889,18.23956650768821],[79.58171484856149,18.256579767042638],[79.56290187042504,18.263190035891512],[79.56715386775687,18.280059551207387],[79.56058177422955,18.287536251197082],[79.56240062249077,18.298755924146633],[79.5592715231623,18.30016576613724],[79.56407361960191,18.309098668169042],[79.57620205657969,18.309285970870917],[79.57391759422165,18.331214634947514],[79.57956527731574,18.350849690560835],[79.5747193946844,18.369915072422714],[79.57951680295815,18.38924838660381],[79.57569366263249,18.390746018613925],[79.57717644593629,18.404502528868647],[79.579719246646,18.41323866013613],[79.56905959952098,18.416332255129532],[79.5669759728629,18.424343487861734],[79.58776733269633,18.445295220198318],[79.58735197451409,18.462150934518036],[79.59450625495975,18.469871261749404],[79.60199648255167,18.473422873366985],[79.61201405960122,18.463659806255123],[79.62216100232843,18.485430445958343],[79.6397921426933,18.475313092725116],[79.65953667727587,18.47651281621353],[79.66885524187597,18.48008314542085],[79.68114579334372,18.493852426947967],[79.72921744802687,18.48851103585565],[79.75182113243937,18.46980874088075],[79.77328075600212,18.434198132937524],[79.78932090393664,18.433886723793307],[79.80497403582314,18.415991036157436],[79.81048333124079,18.419921879291337],[79.8105707822159,18.412779054409896],[79.81878411239694,18.409881911820833],[79.8226574987446,18.428437558846326],[79.80000635890639,18.469069640251746],[79.81760427471755,18.475122673872363],[79.81692548172566,18.478147817867523],[79.85452988214843,18.4871169859602],[79.855067249554,18.475053967466692],[79.87450989971217,18.4719504376626],[79.88147442140746,18.447173677323406],[79.91076140681355,18.414290678072405],[79.92093344422312,18.446082801480145],[79.92600587147382,18.445528164393295],[79.92585469273996,18.449955303794297],[79.92021015817232,18.45214494703174],[79.91841858994604,18.459143762574627],[79.90980726839081,18.460231690440196],[79.90498106562376,18.468540435093075],[79.89426711833289,18.467959081846175],[79.88707917896102,18.490670016707952],[79.87847009851629,18.49504947855064],[79.87393865754308,18.51856494421685],[79.87908130745643,18.524793395099152],[79.90183035288851,18.52098919089849],[79.90639488171848,18.515491302481678],[79.94317295177035,18.50480407404882],[79.95819685320225,18.512244875800434],[79.95379703790303,18.497200221613014],[79.96230031041108,18.48275533608995],[79.98465781080938,18.50090094442311],[80.03814817579774,18.51672583782721],[80.08639354352727,18.518726133304483],[80.08494398477711,18.509776943651104],[80.07860309435739,18.505364681734704],[80.08042991061194,18.499141423537935],[80.07509136767254,18.50022771823467],[80.06679306414867,18.49425638082738],[80.0659268875159,18.485629139473247],[80.05152233478799,18.481442463498922],[80.08499759516292,18.473446164009317],[80.09182806661204,18.467739700326945],[80.11689308304938,18.46634069426767],[80.1143440743196,18.45746678056753],[80.10254676142398,18.456789242129844],[80.07583763140161,18.4271831260005],[80.04645098492506,18.429188541318183],[80.02983059710442,18.44240395108153],[80.02148691558875,18.4198887743475],[80.02590878766046,18.416257364985483],[80.02322579163706,18.406103477693364],[80.02633187731436,18.403058701497912]]]},"properties":{"ST_CODE":"36","ST_NAME":"TELANGANA","DIST_NAME":"JAYASHANKAR BHUPALAPALLY"}},{"type":"Feature","geometry":{"type":"Polygon","coordinates":[[[77.60042905095997,18.27567744805583],[77.61997831394808,18.27454769272191],[77.62547543794119,18.283935110317145],[77.64062098077369,18.286004166159387],[77.66471614043758,18.283638224324648],[77.68622232999661,18.26648407627914],[77.68753210891975,18.2602191785723],[77.71977252548174,18.26028075964939],[77.72906396203228,18.25310172176711],[77.72812926965014,18.23381484407986],[77.73639553752412,18.23521577378898],[77.73802875402384,18.224488487753547],[77.74338302700517,18.224810669876547],[77.74206091028282,18.205615662432933],[77.75860220272955,18.20526271090546],[77.76970105356082,18.188363321909833],[77.77678562125948,18.19068649468602],[77.77994035216557,18.200062560139088],[77.78657498364862,18.19666384675918],[77.79668385627502,18.204922121458765],[77.81109370780842,18.19594827059626],[77.82709521097524,18.194188494303603],[77.82942906589875,18.2005535153325],[77.84891596180228,18.201971800158503],[77.85432409248295,18.207688140195557],[77.86513397855032,18.202422149162885],[77.86255804231985,18.194589137778507],[77.86877157974465,18.189392205685806],[77.88240365350589,18.186924869786935],[77.90380339750885,18.19259694339428],[77.90033476813511,18.173323505175688],[77.90352558253966,18.168377099023928],[77.89519141944851,18.159022918572873],[77.90432168759588,18.15265310415748],[77.90279719283626,18.144585887728567],[77.91007765086295,18.14747998970978],[77.91442223339942,18.14138598747337],[77.91451013583418,18.148646237733715],[77.92316072089062,18.14757103527512],[77.92534648625139,18.14959874118898],[77.92055556478755,18.150879627592815],[77.92597530031992,18.155369938072226],[77.93567256403765,18.149226033354807],[77.92926373073664,18.14508595305432],[77.93059124518987,18.14047863628008],[77.92497893872712,18.142010923665225],[77.91920199067937,18.136665882224747],[77.92532046167003,18.13151614385498],[77.92360647885596,18.128131649655984],[77.90909769650153,18.124359013457763],[77.91873723273716,18.113505820537227],[77.9294963214981,18.116247619631963],[77.92697175993885,18.104389010744285],[77.91811316888771,18.106605981680786],[77.9142149972244,18.101148010572274],[77.9057538390685,18.106221564673547],[77.90811888337981,18.100107522843928],[77.89889565860784,18.099534526097557],[77.90200330101158,18.097542796662765],[77.89581636733152,18.09150483837766],[77.91113737149254,18.10017991647004],[77.92994107402143,18.098594003410597],[77.93980943555704,18.11196422876617],[77.97577804921764,18.115198423768277],[77.99521702114868,18.107200989334217],[77.9992612705912,18.08384200300611],[77.99330305968851,18.07236994251889],[77.99262895756038,18.052930065869873],[78.02243602720097,18.04060328251552],[78.02406695132879,18.018342158863618],[78.04188513269276,18.014052314462788],[78.05776404747286,18.004109753462387],[78.0552615633705,17.988854872854176],[78.06768972729913,17.986759034302054],[78.07966348807958,17.994260905416525],[78.09023070468334,17.993273365273637],[78.09283066180564,17.98559623517815],[78.08912500351613,17.966079456601676],[78.0638260761126,17.93869634316178],[78.0584359885301,17.916426143551746],[78.07791292534131,17.89563196614239],[78.0770224058594,17.868438963987046],[78.09298134411381,17.84728503347759],[78.09831981151012,17.818034928369286],[78.11307110864482,17.80643019179996],[78.11598310353747,17.73389895417347],[78.13107744976458,17.730136587333675],[78.14195271834336,17.71662705969112],[78.15736265646149,17.709995280857584],[78.1513811144469,17.658336380719447],[78.18427290007435,17.636250828113305],[78.19707792670499,17.637906997110292],[78.22248379519107,17.65474302077382],[78.23172442454262,17.650549022519442],[78.2393571650012,17.639168729753123],[78.27891522026124,17.63901849081077],[78.2955102184219,17.645517417295025],[78.30879167979225,17.636369767950498],[78.31733189734922,17.635504162387235],[78.33346403963378,17.649816530108808],[78.35418505269809,17.65226225979552],[78.35234247942196,17.661170765918143],[78.33806474459237,17.672802836481765],[78.33561473773,17.70030356415822],[78.32812699046832,17.711935290281474],[78.31326958322472,17.72276704066644],[78.31811739400257,17.738065276691202],[78.33410714662756,17.749009575431614],[78.3540315582099,17.751946408699837],[78.3651708956204,17.74498496088728],[78.39827634397813,17.69769765352396],[78.44865667166812,17.708172294815597],[78.44578683339569,17.698428727703686],[78.43067617616464,17.68671722272171],[78.42124169075146,17.671823500853918],[78.40999912465992,17.670108287767334],[78.3953947182917,17.67618525234758],[78.38128896441424,17.642649961326697],[78.38708149591434,17.638083114943868],[78.3906616924832,17.62162077038232],[78.37151198479035,17.61503315365718],[78.3874779593404,17.606245459760203],[78.38902963970617,17.59456921809499],[78.38379796680277,17.595787214008794],[78.37732611710669,17.56340702391509],[78.3630988081635,17.568351534295914],[78.35521874694768,17.562264294961267],[78.36152645598122,17.54995374796715],[78.3486297263808,17.535506337147808],[78.35145299865701,17.528901863530223],[78.34700550579953,17.521853258820897],[78.33707539141625,17.503994958700446],[78.30757580178187,17.510238081122623],[78.31772215185589,17.495287054454025],[78.30813568011757,17.490134084820227],[78.29778158305368,17.491165914775195],[78.30168362899633,17.461412503184533],[78.29352947150795,17.452204085749997],[78.28800515201618,17.43166103143153],[78.27550349009402,17.43503983651931],[78.26430534151837,17.428212034258024],[78.23580699499689,17.429237430463104],[78.2273319000472,17.439155519111978],[78.21788918673661,17.438248309112225],[78.21395996508039,17.486226323685912],[78.20449814297496,17.48992189068275],[78.19189288724698,17.48772660419945],[78.19083639158629,17.477455894074296],[78.16603708794133,17.463596739697834],[78.14545937644914,17.47137589158416],[78.14326958212558,17.485404316356153],[78.13196286469451,17.48995361966388],[78.11799649134508,17.482671046431676],[78.11052083816622,17.48451236875087],[78.10977289989944,17.49172004914101],[78.08379225670734,17.49864130715065],[78.08186208946393,17.516651283330134],[78.07012577848195,17.518734185134576],[78.0662608430635,17.507759008171718],[78.05747812151816,17.50929019208877],[78.05814199835459,17.504695588130915],[78.06525591273027,17.502105103567715],[78.06359970236446,17.485627853642598],[78.05243044361015,17.483247224080174],[78.04940768101972,17.47672959979127],[78.06175888906154,17.471938812326357],[78.06452439068812,17.45833479381571],[78.06973199953222,17.45549171127351],[78.06315877825506,17.448860078130167],[78.04780888247399,17.45126511799083],[78.04084784834959,17.459020202220586],[78.04151695654235,17.471044829555296],[78.02193987662406,17.465484092017277],[78.00351862878176,17.4760432794738],[78.00039533997301,17.483331146115574],[78.00736528997624,17.496080100915947],[77.99112480006954,17.507169573616977],[77.98093529063124,17.483978795585017],[77.96464588390046,17.4844488874063],[77.96608628215625,17.504954679215132],[77.97427852503398,17.518751660760586],[77.96309096777401,17.534159311902783],[77.9367769908655,17.539154490087697],[77.9402978078976,17.55117460642299],[77.93390599246766,17.561018393084396],[77.93662603606276,17.567795668735187],[77.89740619154259,17.582401862955635],[77.87286498163365,17.58283407173508],[77.86881921143754,17.59705268693199],[77.87503897396954,17.603264605577124],[77.86759409559107,17.611062362637995],[77.86754317237956,17.619832120456067],[77.85293098417765,17.60868809128243],[77.8560342091115,17.61319335029293],[77.85166653917952,17.61715439086248],[77.82291607311834,17.632282013803945],[77.81602061396023,17.626744684719483],[77.79992098666423,17.625208385458677],[77.78808677728301,17.638317728280583],[77.78362942335923,17.638975579659302],[77.7763581258269,17.627083328932542],[77.74653041134945,17.624516814899152],[77.7496883537346,17.61378538119044],[77.76753584130608,17.612888681567426],[77.77428365246863,17.60126169217341],[77.77003476229453,17.584353236212905],[77.76160416669899,17.57944060859728],[77.76143636219842,17.558261593297914],[77.7095607299438,17.52602855027743],[77.69066578130082,17.526536549422246],[77.68772765480747,17.511815637681593],[77.67549728866902,17.50861678783457],[77.66868325412895,17.51160632407266],[77.66205243127473,17.522822469881135],[77.62800157870993,17.523635182717555],[77.61210379795199,17.534760902593632],[77.59694482464403,17.534306889751235],[77.59384687153596,17.56451610293584],[77.55060223350631,17.5517400695486],[77.53748249092428,17.575447680765876],[77.52842873529795,17.575371458725897],[77.50694076420496,17.54229087752202],[77.50007249604892,17.546738418043617],[77.50047472322996,17.556206532705346],[77.49411521864249,17.56835598234278],[77.4780163782533,17.56665141183322],[77.461862225961,17.580751849818057],[77.44309528591879,17.58404765827288],[77.44481481665053,17.609410460924096],[77.44878023691848,17.609344438095377],[77.45580963210887,17.632491198809817],[77.44827277556817,17.651129092433735],[77.45487418699418,17.67448654002186],[77.45248411544964,17.69471159136691],[77.46762775621602,17.703243755494952],[77.48429536384003,17.70586734320335],[77.48500045031057,17.709409587482526],[77.49241210233669,17.70838843967482],[77.49739891322935,17.715951453896537],[77.50929133572663,17.71653886767467],[77.52185692235912,17.726167951989453],[77.54602345491855,17.72721076356595],[77.54875304301856,17.736009810504413],[77.55683340124051,17.737617758752606],[77.56867107840759,17.74914695586739],[77.56919684365948,17.766493061505628],[77.55490496519207,17.76397389767726],[77.53756187048401,17.779936914357165],[77.5344437590723,17.777633143554795],[77.50638731242458,17.78532207725209],[77.51499192233939,17.805453356287387],[77.52908361531667,17.81293645855078],[77.52827660508132,17.82790092199002],[77.5467518329308,17.82848697779184],[77.54905644280063,17.81962706203933],[77.55417534071944,17.82031708486562],[77.56749309333162,17.84542092863302],[77.56490084519788,17.851189168545318],[77.56937927653246,17.851562547273772],[77.57005359809511,17.86764648859463],[77.57645357667127,17.875418485474768],[77.59922571039829,17.873328586944808],[77.60042576843455,17.88060120198395],[77.58604585802999,17.89384406715004],[77.58639201607872,17.90861157366527],[77.61909648731307,17.904056474226934],[77.62204958482056,17.929569029287336],[77.6187341576553,17.9394880433386],[77.62299966820018,17.94551732676325],[77.63256543304834,17.946666936430006],[77.63293657965949,17.955798551761802],[77.6245962481184,17.959596480493246],[77.63306325546495,17.967376892329753],[77.63726656889708,17.952322554242528],[77.64955144474345,17.950233742992907],[77.65590659211557,17.968837117039357],[77.64826274952634,17.9802524851641],[77.65208772177101,17.993892502636925],[77.64894923711768,17.998871553279628],[77.6278354883172,17.996778600651965],[77.61970885368072,18.00648699887597],[77.60751934014547,18.009849969600452],[77.60639115502784,18.019688689481484],[77.58835261008494,18.01213527372397],[77.58059245547747,18.031448122033282],[77.55395474511545,18.035810906847928],[77.54860570259115,18.065415298077596],[77.55746643672671,18.063838537418633],[77.56562063918119,18.07629289679977],[77.5968211282925,18.086534360072733],[77.60123001235524,18.103521314257307],[77.59462671505094,18.13124147831161],[77.5969295280753,18.155756481076764],[77.58122582191419,18.162863387035713],[77.57098313286536,18.19102423508042],[77.56340806772818,18.196329631707215],[77.56564041437366,18.20412824492263],[77.57500941025614,18.20188517566038],[77.58549682192086,18.219998430882924],[77.57193150573448,18.244287655251128],[77.58312932515827,18.260665696464798],[77.59486018534932,18.265171279231197],[77.60042905095997,18.27567744805583]]]},"properties":{"ST_CODE":"36","ST_NAME":"TELANGANA","DIST_NAME":"SANGAREDDY"}},{"type":"Feature","geometry":{"type":"Polygon","coordinates":[[[79.00686285923365,18.199199651642687],[79.02829253537226,18.221532147290816],[79.04094876737179,18.227315519195884],[79.04850743337141,18.218937442209267],[79.0491853495243,18.19763938455003],[79.08236544790714,18.196141827183624],[79.08395662559786,18.224121867430313],[79.10207762578187,18.26214911019332],[79.1268163313087,18.27188701337502],[79.16817886366368,18.275646342304924],[79.19119649971873,18.285212043301215],[79.19741490247583,18.28228902451889],[79.21899288671239,18.255510560364144],[79.22518625324307,18.25609156917062],[79.23328460779845,18.26556247712665],[79.24066681062487,18.25751825186586],[79.25615449603322,18.25760910137899],[79.26219388424045,18.237987555381437],[79.2692296987916,18.23585990331196],[79.29085486955665,18.23372462229355],[79.29611300860853,18.251148713542364],[79.30653435337774,18.260424184428643],[79.314877564548,18.261284863505693],[79.33870681356865,18.25445626804236],[79.35121694620517,18.2381680304303],[79.34954838724832,18.229144330146767],[79.35495688844969,18.222012038125115],[79.38326317215774,18.21294403274095],[79.38032982646035,18.20084279935577],[79.38451733790487,18.1799934494382],[79.37796766087888,18.164299556679225],[79.3793448071172,18.154525750762843],[79.40216955657985,18.15206594578683],[79.40695680521247,18.161829350144444],[79.42681558696984,18.17006536482478],[79.44386654770307,18.15528372546362],[79.47302980438201,18.16034966500507],[79.49647014608041,18.153161533178263],[79.51288297486946,18.127801776530816],[79.53839406223625,18.125250693065084],[79.54527251161716,18.134406750171422],[79.56522449731278,18.12869137510694],[79.56895135262289,18.12156381351923],[79.56119765964434,18.12111585851011],[79.55200770709007,18.099915594029483],[79.51947856228588,18.10002667918792],[79.50981249694922,18.10573567356255],[79.50260227867227,18.096260988453878],[79.48828396733131,18.098093981252305],[79.46732194495183,18.113672621394414],[79.46839941190342,18.106464285398488],[79.45536032322042,18.08699349365486],[79.45389626649956,18.076011487240407],[79.44464784362316,18.066018917638985],[79.434825465323,18.063720059832917],[79.42336140880201,18.050930590574353],[79.38291749974286,18.030885566415805],[79.36769941939275,18.01538888239105],[79.3638843567777,18.020073662269738],[79.33858095614625,18.02577737852323],[79.32574266539177,18.020031807821738],[79.3003028151229,18.024627582696837],[79.29358687233633,18.011279625454392],[79.28211385676912,18.001117537244625],[79.26152027314214,18.00305151851279],[79.26304302861291,17.983671633838867],[79.23439460592635,17.98595240088264],[79.22867297607706,17.987781205538226],[79.23286601295621,17.994504837528268],[79.19224815612756,18.00161090711771],[79.18461989878938,17.993808530239505],[79.15348178485652,17.992000604244538],[79.14447910352789,18.003484217422738],[79.12316570793115,18.004731775850814],[79.10800822390047,18.012643858327465],[79.1103851455581,18.027357109642935],[79.10317934744899,18.021501881906374],[79.08925552462284,18.02772112822754],[79.07377768589157,18.010837347865333],[79.05785438956849,18.02041255019907],[79.05214121694365,18.03284394539179],[79.04111746040252,18.031697963590204],[79.03233053362726,18.022159863686795],[79.02438586151834,18.024491860610908],[79.02453568587327,18.01835613252956],[79.01390201836352,18.003286290130234],[78.9850601443103,18.0155622572924],[78.98515387165389,18.023527280159897],[78.97196514297701,18.03317933855567],[78.96338351074047,18.036535557170282],[78.95639500952211,18.030117046264706],[78.95329092303774,18.01138083156019],[78.94392933936757,17.99751369030463],[78.92736715656906,17.998304389535974],[78.90656277185451,17.96053832518362],[78.88023942760753,17.96436075774284],[78.86792998228293,17.949274417280606],[78.86422146504862,17.92918972492589],[78.85243116056967,17.91961130571724],[78.85127402447671,17.905657634392355],[78.84472275385207,17.906538088661932],[78.84023453519569,17.895826532668423],[78.82760904202371,17.894277253492533],[78.83133947483697,17.87867069119949],[78.85451024475208,17.86942186992343],[78.86761811808174,17.868966160060268],[78.86558273915216,17.858370176842243],[78.8771659288646,17.839594726515486],[78.87839808280535,17.82645805869248],[78.86769779621636,17.825396480962866],[78.86816711911729,17.808628601628698],[78.86973398363648,17.785212030810612],[78.85919522158224,17.74986500966253],[78.84077432087827,17.752378387252804],[78.82740495977112,17.739716319552542],[78.82165007299255,17.739648076297726],[78.82337951245461,17.72995182971323],[78.81565081703161,17.722627001834724],[78.81551313892027,17.7023694597828],[78.80043435546122,17.70946369339481],[78.78197903860183,17.711442957326653],[78.78854784330838,17.702061927615944],[78.77671841472312,17.691922040070153],[78.7454111562999,17.683657733617565],[78.73816302080684,17.67304146798938],[78.72392808291477,17.668212210225363],[78.71813003407385,17.669502933413696],[78.70535113814458,17.686371314684493],[78.68541155859663,17.688420714944073],[78.68603544707827,17.693331124831616],[78.66965652992496,17.69838511058441],[78.65926969484059,17.69743227707795],[78.65032186316353,17.676627290716965],[78.63422718123945,17.66919851380044],[78.61701664120511,17.67242918525875],[78.61408964652003,17.68009726907377],[78.59274988819686,17.697026945437244],[78.57529753305477,17.6957563625661],[78.57410038882193,17.68519913563165],[78.56172596118421,17.68418729490776],[78.53605199130641,17.69672721398979],[78.5216410318082,17.696529870357267],[78.51905466074408,17.70234217345262],[78.5089633698637,17.684061827791197],[78.49651464203714,17.685746926179775],[78.4943857309168,17.695122595931082],[78.4715708488157,17.69030293483263],[78.45989748947761,17.698058152162048],[78.45797651060752,17.705507399446958],[78.45828290513202,17.72813261992451],[78.46693951744481,17.75944227414169],[78.45537290043904,17.789300988250034],[78.46468838755908,17.803489036389976],[78.44446964136091,17.823340956320123],[78.44355748508991,17.847102032233067],[78.45176056120101,17.859339377110587],[78.48413436700747,17.87595912011733],[78.47745293840245,17.914625453501912],[78.4916261774062,17.916116910766846],[78.49155579466424,17.922916905091142],[78.4775174998328,17.930987357280742],[78.45016889787638,17.931923806938187],[78.44461892252531,17.93679608647028],[78.43863658101344,17.96631777334659],[78.44114569042131,17.979085906189653],[78.44956185999189,17.989534191949474],[78.43912153862817,18.002902045792837],[78.43883036153204,18.015147083471163],[78.41000585068952,18.020289280126235],[78.4047815684147,18.02722029578007],[78.40573993994633,18.036921114517895],[78.42871474938624,18.046660492587705],[78.44774739052968,18.04530334187575],[78.46481780180017,18.064062245576224],[78.47281458962169,18.05175808107066],[78.47121927055298,18.0413959224839],[78.4634134070032,18.035943529870053],[78.4662781829918,18.017060165394355],[78.48455550603182,18.013208331299495],[78.50317491678902,18.019304093509163],[78.53050762592625,18.046917461271846],[78.55861867401268,18.044352343885635],[78.57315964220379,18.05281835748127],[78.58082093074142,18.09746697482109],[78.55632047001376,18.102081246052705],[78.54834861859393,18.112242327021818],[78.5546475511436,18.129580672410157],[78.57006398236695,18.148133644851896],[78.58652927940278,18.15849439060372],[78.58252936833571,18.168601258641218],[78.56696173049954,18.177928954957338],[78.56946516158797,18.19621505358191],[78.56126485988545,18.20734759571502],[78.56765050686545,18.22279725059269],[78.57491140733566,18.223663219482034],[78.58858673758795,18.248677718302133],[78.62769428916016,18.246536346175503],[78.6321479873398,18.25469075097743],[78.64019323692838,18.256712132858695],[78.66337503433044,18.2410501264622],[78.67016592032104,18.24162446499713],[78.69005916679714,18.229872688373916],[78.70268399537014,18.234788286450282],[78.72489401594612,18.228579553203872],[78.72737342974006,18.221039950133616],[78.72338591402877,18.21552447727288],[78.73453450186582,18.21467721967798],[78.75001000775569,18.221215419556017],[78.76913821085981,18.26276292177147],[78.79275731080133,18.253670674262253],[78.82842661569583,18.253108207677712],[78.84578345744069,18.246968059428468],[78.85577192703289,18.23468144699126],[78.8690090176521,18.24036039051964],[78.89009757644203,18.2391206454015],[78.89141276388801,18.244770192790213],[78.91455677807289,18.255626750074498],[78.95430913725693,18.253390512062538],[78.95768567155653,18.24987668366208],[78.95042246162734,18.2377344636746],[78.95458081525248,18.207815452721036],[78.97629818181571,18.20986527476265],[79.00686285923365,18.199199651642687]]]},"properties":{"ST_CODE":"36","ST_NAME":"TELANGANA","DIST_NAME":"SIDDIPET"}},{"type":"Feature","geometry":{"type":"Polygon","coordinates":[[[79.84914668786939,18.14950602018672],[79.84993667124047,18.1398174448193],[79.83382227257988,18.117494147437014],[79.82652920785671,18.09433657237497],[79.81020616108555,18.074514114235058],[79.80399018559865,18.087102364682437],[79.78239073814211,18.082036703930783],[79.7945329878072,18.05736319655432],[79.79413295227397,18.043305374743284],[79.77167962461505,18.053603127482404],[79.76453931783533,18.036746886159904],[79.7485022482802,18.02442298783069],[79.74931934800958,18.014936645709668],[79.75730481336649,18.01428628298561],[79.76301824409677,18.002171667688344],[79.77614065946392,17.998646787519306],[79.77328359516184,17.97247474431407],[79.78230573781963,17.95296102613048],[79.772523659939,17.936367125142738],[79.79059516953151,17.908316365807707],[79.78470768491178,17.884933661659204],[79.76981413751247,17.87903234546644],[79.75413219944153,17.85186482110464],[79.76914598529902,17.831172535983796],[79.77046845455561,17.81822969814209],[79.78235246299585,17.801570861606024],[79.78198927358619,17.785618356202235],[79.76643478024096,17.768889867173698],[79.75772428414842,17.739796087619425],[79.75007808983202,17.728878273913267],[79.74871135234707,17.716240289158065],[79.76079152900593,17.71533466016649],[79.76810322318528,17.701598119357755],[79.76680734868023,17.696150251233178],[79.74571390027631,17.69243948119714],[79.7353947373773,17.69631064082347],[79.72363562048753,17.712422805568053],[79.71726856878945,17.712107564412634],[79.71366457436068,17.70569674091189],[79.70892430451312,17.700012555235276],[79.69255661539552,17.700308354846754],[79.68695964237367,17.70808445893067],[79.68679913497215,17.718501180285273],[79.69936967686914,17.752400345999206],[79.68555822792996,17.766152883049187],[79.67143327892273,17.77102535053956],[79.66869356715443,17.765614864534427],[79.64957219170333,17.769811455534295],[79.64831784339384,17.7379242584978],[79.59354127161248,17.74596604479717],[79.58933198038665,17.753248795195816],[79.56978497379754,17.741863140671455],[79.54845324462161,17.743649351636293],[79.5402128961083,17.74047085974246],[79.54224702587959,17.7250447194383],[79.52972648808702,17.715451628689777],[79.50791857778017,17.73254754833073],[79.50594546880842,17.749692501707614],[79.48705609146549,17.758078650109667],[79.48612653870885,17.764603836797676],[79.49517205294796,17.771175749561223],[79.51265793661452,17.76974438679406],[79.5176129555735,17.774102672300558],[79.51855575534387,17.811846017979406],[79.53735954240904,17.892667268279865],[79.5269250387596,17.90224247331156],[79.50201739198911,17.907619563891785],[79.49612303924692,17.92397319840444],[79.49923976570267,17.92834884442368],[79.52288941021817,17.934469394646896],[79.52986652422078,17.951175324181918],[79.45827947581722,17.963695590379245],[79.45600949794004,17.977219920862694],[79.47511823701706,18.01237824266184],[79.49566710725128,18.01202238002884],[79.5042745985939,18.019113571234357],[79.48765556245428,18.044136367199656],[79.4720204502836,18.030686336005658],[79.4600824240647,18.03227525280073],[79.45366858873444,18.056737267510925],[79.44464784362316,18.066018917638985],[79.45389626649956,18.076011487240407],[79.45536032322042,18.08699349365486],[79.46839941190342,18.106464285398488],[79.46732194495183,18.113672621394414],[79.48828396733131,18.098093981252305],[79.50260227867227,18.096260988453878],[79.50981249694922,18.10573567356255],[79.51947856228588,18.10002667918792],[79.55200770709007,18.099915594029483],[79.56119765964434,18.12111585851011],[79.56895135262289,18.12156381351923],[79.58073180862613,18.121033531872058],[79.5727457002539,18.13468334116334],[79.58322306469273,18.142041495218905],[79.6015048798464,18.141703154077334],[79.60199297699432,18.148694149115727],[79.60843645128125,18.184750299186987],[79.61091673921618,18.183030062487433],[79.61319033866323,18.188300244360846],[79.59852437460029,18.198416362824958],[79.59717597698983,18.21584975036575],[79.579741209889,18.23956650768821],[79.60124079302824,18.250382292408915],[79.6201864877163,18.24969221202599],[79.6378760426453,18.259864596573948],[79.66306288304565,18.243202823751346],[79.67181675433977,18.24228569512877],[79.70359837636403,18.264272274645805],[79.70885659815355,18.257040869240768],[79.7073436965544,18.24556047473618],[79.70526719342627,18.238166984518784],[79.71864273647316,18.228729187801832],[79.72748229697049,18.206237610177595],[79.7500023651171,18.202431845653223],[79.75840581647532,18.1818777863308],[79.75117087493601,18.151492214294308],[79.73251043171109,18.14857702051313],[79.72800369961112,18.129137062925167],[79.70631927341577,18.126570733252777],[79.67578144076094,18.1390376138948],[79.67026034174143,18.12510274019934],[79.71344878293502,18.099147787940126],[79.73715301090277,18.098711827189106],[79.75552294342913,18.089378403990224],[79.76662952932935,18.08871878634295],[79.80614363651966,18.09967118797499],[79.80963217508486,18.108355734129873],[79.80123635177625,18.130671609407273],[79.80858288479237,18.1447249337088],[79.84914668786939,18.14950602018672]]]},"properties":{"ST_CODE":"36","ST_NAME":"TELANGANA","DIST_NAME":"WARANGAL"}},{"type":"Feature","geometry":{"type":"Polygon","coordinates":[[[77.9992612705912,18.08384200300611],[78.00472864770899,18.08809408757213],[78.01313903913541,18.075980394979297],[78.01564915848195,18.0800132041461],[78.01058780548288,18.090056044950586],[78.0198299744738,18.082388987261993],[78.02941214475476,18.084335010452435],[78.03309765553246,18.077290969802448],[78.02878234053264,18.07431247723906],[78.03480687913424,18.064619652574947],[78.03740810519997,18.070010437131998],[78.04508029172212,18.068005698104514],[78.04050502408762,18.075627751019965],[78.04413977533045,18.08008001478089],[78.05156536145233,18.073869623184635],[78.05565221178023,18.07967365611438],[78.0597290517544,18.072186770403164],[78.0679916171195,18.07010608632686],[78.0714653933133,18.060089297982756],[78.07398485661588,18.07145810640651],[78.08391414182427,18.06760194567329],[78.08573358363805,18.072168700325335],[78.0924927892109,18.06777947274452],[78.09696669875422,18.069790545697174],[78.10147923417935,18.090723314029788],[78.1074781241162,18.09366398290655],[78.1157387028789,18.088260960375067],[78.11692806887532,18.072445787742936],[78.14350980453389,18.069670397171137],[78.15389417007992,18.085685274156106],[78.17961321128075,18.09847173428318],[78.17665685912681,18.118932612150388],[78.18019225326992,18.135328164962914],[78.16962432260448,18.15305224216729],[78.16893168005305,18.167494448609943],[78.17987822979654,18.205072595124193],[78.19401419909605,18.207815031838322],[78.20700978037712,18.216990463938828],[78.21542305682868,18.213316888063957],[78.22160526636998,18.183250134686034],[78.21640552029857,18.175886401236482],[78.22744066495477,18.175525167852243],[78.24876092507668,18.155655348715413],[78.25705391630527,18.13982128312574],[78.27788931593926,18.143379024522403],[78.29780164333124,18.162146406131797],[78.3139061053825,18.17927672394171],[78.31278321817103,18.202589098408225],[78.31857518939353,18.20076212207431],[78.33274748860578,18.196299560176612],[78.33793631960555,18.1803346216455],[78.35790863267732,18.17207164529026],[78.36547585752487,18.155005189238125],[78.3632755132544,18.147015015030945],[78.37449354494123,18.14486832970971],[78.37517797488368,18.13529768424081],[78.38386134112807,18.123962592299847],[78.38975773533127,18.129032712789524],[78.41195893355797,18.130918718823864],[78.42146090589614,18.14147890542722],[78.42486005634657,18.156603040797734],[78.43319137038549,18.163160151619763],[78.44581927553918,18.14521642220018],[78.44164574765318,18.130330006424686],[78.45827874576759,18.120875622611948],[78.46739301767366,18.125345915981313],[78.47992309637385,18.126292437146333],[78.49161263091821,18.13277482779614],[78.48338781549535,18.141895401251816],[78.48386718382352,18.148562078277337],[78.50242748933721,18.175752832127557],[78.51592300464301,18.166641952464204],[78.52197359300698,18.182623584211115],[78.53684248009642,18.186950513055763],[78.54456220208402,18.180044047994443],[78.56696173049954,18.177928954957338],[78.58252936833571,18.168601258641218],[78.58652927940278,18.15849439060372],[78.57006398236695,18.148133644851896],[78.5546475511436,18.129580672410157],[78.54834861859393,18.112242327021818],[78.55632047001376,18.102081246052705],[78.58082093074142,18.09746697482109],[78.57315964220379,18.05281835748127],[78.55861867401268,18.044352343885635],[78.53050762592625,18.046917461271846],[78.50317491678902,18.019304093509163],[78.48455550603182,18.013208331299495],[78.4662781829918,18.017060165394355],[78.4634134070032,18.035943529870053],[78.47121927055298,18.0413959224839],[78.47281458962169,18.05175808107066],[78.46481780180017,18.064062245576224],[78.44774739052968,18.04530334187575],[78.42871474938624,18.046660492587705],[78.40573993994633,18.036921114517895],[78.4047815684147,18.02722029578007],[78.41000585068952,18.020289280126235],[78.43883036153204,18.015147083471163],[78.43912153862817,18.002902045792837],[78.44956185999189,17.989534191949474],[78.44114569042131,17.979085906189653],[78.43863658101344,17.96631777334659],[78.44461892252531,17.93679608647028],[78.45016889787638,17.931923806938187],[78.4775174998328,17.930987357280742],[78.49155579466424,17.922916905091142],[78.4916261774062,17.916116910766846],[78.47745293840245,17.914625453501912],[78.48413436700747,17.87595912011733],[78.45176056120101,17.859339377110587],[78.44355748508991,17.847102032233067],[78.44446964136091,17.823340956320123],[78.46468838755908,17.803489036389976],[78.45537290043904,17.789300988250034],[78.46693951744481,17.75944227414169],[78.45828290513202,17.72813261992451],[78.45797651060752,17.705507399446958],[78.44865667166812,17.708172294815597],[78.39827634397813,17.69769765352396],[78.3651708956204,17.74498496088728],[78.3540315582099,17.751946408699837],[78.33410714662756,17.749009575431614],[78.31811739400257,17.738065276691202],[78.31326958322472,17.72276704066644],[78.32812699046832,17.711935290281474],[78.33561473773,17.70030356415822],[78.33806474459237,17.672802836481765],[78.35234247942196,17.661170765918143],[78.35418505269809,17.65226225979552],[78.33346403963378,17.649816530108808],[78.31733189734922,17.635504162387235],[78.30879167979225,17.636369767950498],[78.2955102184219,17.645517417295025],[78.27891522026124,17.63901849081077],[78.2393571650012,17.639168729753123],[78.23172442454262,17.650549022519442],[78.22248379519107,17.65474302077382],[78.19707792670499,17.637906997110292],[78.18427290007435,17.636250828113305],[78.1513811144469,17.658336380719447],[78.15736265646149,17.709995280857584],[78.14195271834336,17.71662705969112],[78.13107744976458,17.730136587333675],[78.11598310353747,17.73389895417347],[78.11307110864482,17.80643019179996],[78.09831981151012,17.818034928369286],[78.09298134411381,17.84728503347759],[78.0770224058594,17.868438963987046],[78.07791292534131,17.89563196614239],[78.0584359885301,17.916426143551746],[78.0638260761126,17.93869634316178],[78.08912500351613,17.966079456601676],[78.09283066180564,17.98559623517815],[78.09023070468334,17.993273365273637],[78.07966348807958,17.994260905416525],[78.06768972729913,17.986759034302054],[78.0552615633705,17.988854872854176],[78.05776404747286,18.004109753462387],[78.04188513269276,18.014052314462788],[78.02406695132879,18.018342158863618],[78.02243602720097,18.04060328251552],[77.99262895756038,18.052930065869873],[77.99330305968851,18.07236994251889],[77.9992612705912,18.08384200300611]]]},"properties":{"ST_CODE":"36","ST_NAME":"TELANGANA","DIST_NAME":"MEDAK"}},{"type":"Feature","geometry":{"type":"Polygon","coordinates":[[[79.82652920785671,18.09433657237497],[79.8513646480601,18.086663481134792],[79.8779108865782,18.090151710333203],[79.9010140130863,18.069141392561278],[79.9443934109272,18.07598836926786],[80.00074844308625,18.11076080097024],[80.01339108273231,18.110788679953657],[80.01720148326189,18.108134437953993],[80.0172312652108,18.096745303053353],[80.01140954711298,18.07120467385664],[80.00752482031425,18.012340144681957],[79.98111363028988,17.962594697887027],[79.97163152217706,17.931956704138656],[79.97531768226526,17.922788744505],[79.9801928225408,17.92632696251934],[79.98099538832656,17.93627165131568],[79.98668767599548,17.934341390542784],[79.97908612852206,17.89954862426964],[79.9817544314219,17.890586980804585],[80.00068474770302,17.89081235450658],[80.00488200959711,17.883116410593914],[80.01518249897322,17.833611008141588],[80.0233338946436,17.830104750234113],[80.05649490401669,17.835255728768914],[80.07120604732131,17.778616480266408],[80.1104950856797,17.7740142779366],[80.13424935462405,17.79861912926947],[80.1409556377925,17.744354543327574],[80.13185747274423,17.72904096307002],[80.06504770039112,17.706938746026367],[80.04692397975793,17.708076535903444],[80.04481387346152,17.694545935346696],[80.08193193670957,17.674180434179732],[80.09066823525092,17.65891011670857],[80.0858725257965,17.652439941550085],[80.07542882478049,17.650132426870073],[80.05503186802633,17.591533313711523],[80.08160372283362,17.58223816745749],[80.0880841052973,17.573561950823432],[80.08470187379248,17.550448810364344],[80.0944707837997,17.545906180925556],[80.09813420902657,17.53599948308971],[80.09145331282019,17.526171639609515],[80.08545479250472,17.525770671479336],[80.09518172036019,17.497912435410626],[80.12981658726574,17.479892687197832],[80.1288747101998,17.44546780929204],[80.16719367774607,17.454908302176477],[80.17023374239335,17.437615644146717],[80.16250553620159,17.420512875269026],[80.1661034125425,17.407436823550597],[80.16028954462683,17.403211652995424],[80.16198694124438,17.39023816356047],[80.16075393114909,17.37685857985963],[80.14470096787545,17.39325368840707],[80.14020477133317,17.392898016430365],[80.1299480411692,17.388282273008542],[80.12831627167867,17.37957594257574],[80.12040022229246,17.382707842393074],[80.10845885509212,17.3587060107738],[80.10044808281282,17.358026787906],[80.08582852916334,17.367176464322426],[80.07663996696095,17.364309526363627],[80.07397513904147,17.350997933208077],[80.0685794612732,17.353157433868546],[80.05796097342022,17.345893139356917],[80.04662832493733,17.352357333124473],[79.99251871286839,17.364102013197396],[79.99155134361968,17.39940681567208],[79.96975211716654,17.40659081781206],[79.9648201667174,17.398427092436407],[79.93666952957517,17.39510255783682],[79.94040407678676,17.38219567489051],[79.93062740922761,17.366394555964064],[79.93020926044909,17.372537937276036],[79.90315887548178,17.37590409699652],[79.89589549648002,17.35650991220274],[79.89139512798283,17.353323192411438],[79.88239080988802,17.357194424882834],[79.87892354388651,17.35357703954878],[79.8754794947829,17.33058027765776],[79.84990441255866,17.33466716126054],[79.84362409237804,17.329263715148386],[79.83151704217784,17.335971046026998],[79.80377867944259,17.324520288680446],[79.79282728235324,17.326315020721665],[79.79621641705404,17.354230656020036],[79.77766788456529,17.36928328539534],[79.78118398465324,17.381122691059375],[79.7914478293539,17.383978713946533],[79.79686066888485,17.393712013498657],[79.77556022802219,17.403311501124904],[79.77248510060696,17.399652575206233],[79.76223912633469,17.408134679471914],[79.76201512949467,17.429889056734623],[79.75202050494238,17.43985941128284],[79.74534037675704,17.428261277535967],[79.72835733102607,17.42832774462977],[79.71160693001588,17.444029477678328],[79.69983362542155,17.448276356968336],[79.69988555317582,17.456161749365265],[79.69027625214738,17.454918734312173],[79.65650731186298,17.47107420051401],[79.65663471252202,17.491047538812893],[79.65986937786954,17.516930370839987],[79.68040968385986,17.51791589560213],[79.69174262282382,17.528532037123853],[79.71286992350821,17.524840996414923],[79.73202215290007,17.54947560181762],[79.73738225888422,17.58146939999284],[79.72191529115781,17.618277420166862],[79.72256851462532,17.643563425211937],[79.71594603208376,17.666883636370756],[79.71865337365432,17.67342434086072],[79.72726760901298,17.677096375297538],[79.71366457436068,17.70569674091189],[79.71726856878945,17.712107564412634],[79.72363562048753,17.712422805568053],[79.7353947373773,17.69631064082347],[79.74571390027631,17.69243948119714],[79.76680734868023,17.696150251233178],[79.76810322318528,17.701598119357755],[79.76079152900593,17.71533466016649],[79.74871135234707,17.716240289158065],[79.75007808983202,17.728878273913267],[79.75772428414842,17.739796087619425],[79.76643478024096,17.768889867173698],[79.78198927358619,17.785618356202235],[79.78235246299585,17.801570861606024],[79.77046845455561,17.81822969814209],[79.76914598529902,17.831172535983796],[79.75413219944153,17.85186482110464],[79.76981413751247,17.87903234546644],[79.78470768491178,17.884933661659204],[79.79059516953151,17.908316365807707],[79.772523659939,17.936367125142738],[79.78230573781963,17.95296102613048],[79.77328359516184,17.97247474431407],[79.77614065946392,17.998646787519306],[79.76301824409677,18.002171667688344],[79.75730481336649,18.01428628298561],[79.74931934800958,18.014936645709668],[79.7485022482802,18.02442298783069],[79.76453931783533,18.036746886159904],[79.77167962461505,18.053603127482404],[79.79413295227397,18.043305374743284],[79.7945329878072,18.05736319655432],[79.78239073814211,18.082036703930783],[79.80399018559865,18.087102364682437],[79.81020616108555,18.074514114235058],[79.82652920785671,18.09433657237497]]]},"properties":{"ST_CODE":"36","ST_NAME":"TELANGANA","DIST_NAME":"MAHABUBABAD"}},{"type":"Feature","geometry":{"type":"Polygon","coordinates":[[[79.23439460592635,17.98595240088264],[79.26304302861291,17.983671633838867],[79.26152027314214,18.00305151851279],[79.28211385676912,18.001117537244625],[79.29358687233633,18.011279625454392],[79.3003028151229,18.024627582696837],[79.32574266539177,18.020031807821738],[79.33858095614625,18.02577737852323],[79.3638843567777,18.020073662269738],[79.36769941939275,18.01538888239105],[79.38291749974286,18.030885566415805],[79.42336140880201,18.050930590574353],[79.434825465323,18.063720059832917],[79.44464784362316,18.066018917638985],[79.45366858873444,18.056737267510925],[79.4600824240647,18.03227525280073],[79.4720204502836,18.030686336005658],[79.48765556245428,18.044136367199656],[79.5042745985939,18.019113571234357],[79.49566710725128,18.01202238002884],[79.47511823701706,18.01237824266184],[79.45600949794004,17.977219920862694],[79.45827947581722,17.963695590379245],[79.52986652422078,17.951175324181918],[79.52288941021817,17.934469394646896],[79.49923976570267,17.92834884442368],[79.49612303924692,17.92397319840444],[79.50201739198911,17.907619563891785],[79.5269250387596,17.90224247331156],[79.53735954240904,17.892667268279865],[79.51855575534387,17.811846017979406],[79.5176129555735,17.774102672300558],[79.51265793661452,17.76974438679406],[79.49517205294796,17.771175749561223],[79.48612653870885,17.764603836797676],[79.48705609146549,17.758078650109667],[79.50594546880842,17.749692501707614],[79.50791857778017,17.73254754833073],[79.52972648808702,17.715451628689777],[79.54224702587959,17.7250447194383],[79.5402128961083,17.74047085974246],[79.54845324462161,17.743649351636293],[79.56978497379754,17.741863140671455],[79.58933198038665,17.753248795195816],[79.59354127161248,17.74596604479717],[79.64831784339384,17.7379242584978],[79.64957219170333,17.769811455534295],[79.66869356715443,17.765614864534427],[79.67143327892273,17.77102535053956],[79.68555822792996,17.766152883049187],[79.69936967686914,17.752400345999206],[79.68679913497215,17.718501180285273],[79.68695964237367,17.70808445893067],[79.69255661539552,17.700308354846754],[79.70892430451312,17.700012555235276],[79.71366457436068,17.70569674091189],[79.72726760901298,17.677096375297538],[79.71865337365432,17.67342434086072],[79.71594603208376,17.666883636370756],[79.72256851462532,17.643563425211937],[79.72191529115781,17.618277420166862],[79.73738225888422,17.58146939999284],[79.73202215290007,17.54947560181762],[79.71286992350821,17.524840996414923],[79.69174262282382,17.528532037123853],[79.68040968385986,17.51791589560213],[79.65986937786954,17.516930370839987],[79.65663471252202,17.491047538812893],[79.65023011053125,17.49336173095918],[79.63865133469142,17.48665638038767],[79.62079786482968,17.500572404293052],[79.60332151757405,17.498862730130952],[79.59512114842232,17.527273628375326],[79.58969908004855,17.528936311161885],[79.59659618046942,17.499480818884706],[79.5760572999045,17.503851551907644],[79.56555870606951,17.497796898608044],[79.54156348356798,17.52699071694809],[79.52609912927147,17.51241795592398],[79.52157044292164,17.495402839469534],[79.50515863935976,17.495833347630935],[79.47214112041644,17.51463641703708],[79.4495532469848,17.51189979983593],[79.43024090949046,17.516909341093253],[79.42371993702551,17.502137593375267],[79.4125616338124,17.498865121428253],[79.36173665971916,17.520299595450012],[79.34135282407362,17.521184231567076],[79.32342960279396,17.52741177953004],[79.31957333953807,17.54020215980188],[79.31084878524331,17.54520848688219],[79.31186718832015,17.55137089065414],[79.29515709672268,17.55652992531583],[79.28868937941138,17.56924690382158],[79.27935489321379,17.575699142001838],[79.27143075352649,17.576408535325697],[79.25772075351,17.559861016872503],[79.23163808313109,17.56293460554764],[79.22506672165196,17.581494691626744],[79.21281211428771,17.59440643181142],[79.21880673694142,17.61094266647092],[79.20539093574314,17.623890936217776],[79.18971444486579,17.599279204171978],[79.18412387321825,17.59923964929044],[79.17786555495144,17.58349527578639],[79.16740515082711,17.575464122171525],[79.15129103725161,17.587610284786876],[79.15726915554717,17.6226076585167],[79.14422189202674,17.628461451834596],[79.13483677489728,17.643080826518997],[79.13049501623209,17.669966470076588],[79.12683566403473,17.673403898371248],[79.12335629225913,17.668607173582245],[79.11764811267034,17.669520239067822],[79.0985884118258,17.678680185742053],[79.08959113452329,17.701522055598446],[79.0688640834108,17.719207026682966],[79.04612602679475,17.726018815615873],[79.03752585773219,17.709790399107703],[79.0250487464026,17.713112818501827],[78.99575486589441,17.75121525088315],[79.00040670360653,17.77227159236014],[78.9909622222288,17.79360306433],[78.9798091980361,17.79821748394977],[78.95169128002863,17.78791292064483],[78.90716083360564,17.812562063588416],[78.89971893737913,17.805105928395903],[78.86816711911729,17.808628601628698],[78.86769779621636,17.825396480962866],[78.87839808280535,17.82645805869248],[78.8771659288646,17.839594726515486],[78.86558273915216,17.858370176842243],[78.86761811808174,17.868966160060268],[78.85451024475208,17.86942186992343],[78.83133947483697,17.87867069119949],[78.82760904202371,17.894277253492533],[78.84023453519569,17.895826532668423],[78.84472275385207,17.906538088661932],[78.85127402447671,17.905657634392355],[78.85243116056967,17.91961130571724],[78.86422146504862,17.92918972492589],[78.86792998228293,17.949274417280606],[78.88023942760753,17.96436075774284],[78.90656277185451,17.96053832518362],[78.92736715656906,17.998304389535974],[78.94392933936757,17.99751369030463],[78.95329092303774,18.01138083156019],[78.95639500952211,18.030117046264706],[78.96338351074047,18.036535557170282],[78.97196514297701,18.03317933855567],[78.98515387165389,18.023527280159897],[78.9850601443103,18.0155622572924],[79.01390201836352,18.003286290130234],[79.02453568587327,18.01835613252956],[79.02438586151834,18.024491860610908],[79.03233053362726,18.022159863686795],[79.04111746040252,18.031697963590204],[79.05214121694365,18.03284394539179],[79.05785438956849,18.02041255019907],[79.07377768589157,18.010837347865333],[79.08925552462284,18.02772112822754],[79.10317934744899,18.021501881906374],[79.1103851455581,18.027357109642935],[79.10800822390047,18.012643858327465],[79.12316570793115,18.004731775850814],[79.14447910352789,18.003484217422738],[79.15348178485652,17.992000604244538],[79.18461989878938,17.993808530239505],[79.19224815612756,18.00161090711771],[79.23286601295621,17.994504837528268],[79.22867297607706,17.987781205538226],[79.23439460592635,17.98595240088264]]]},"properties":{"ST_CODE":"36","ST_NAME":"TELANGANA","DIST_NAME":"JANGAON"}},{"type":"Feature","geometry":{"type":"Polygon","coordinates":[[[79.13049501623209,17.669966470076588],[79.13483677489728,17.643080826518997],[79.14422189202674,17.628461451834596],[79.15726915554717,17.6226076585167],[79.15129103725161,17.587610284786876],[79.16740515082711,17.575464122171525],[79.17786555495144,17.58349527578639],[79.18412387321825,17.59923964929044],[79.18971444486579,17.599279204171978],[79.20539093574314,17.623890936217776],[79.21880673694142,17.61094266647092],[79.21281211428771,17.59440643181142],[79.22506672165196,17.581494691626744],[79.23163808313109,17.56293460554764],[79.25772075351,17.559861016872503],[79.27143075352649,17.576408535325697],[79.27935489321379,17.575699142001838],[79.28868937941138,17.56924690382158],[79.29515709672268,17.55652992531583],[79.31186718832015,17.55137089065414],[79.31084878524331,17.54520848688219],[79.31957333953807,17.54020215980188],[79.32342960279396,17.52741177953004],[79.34135282407362,17.521184231567076],[79.36173665971916,17.520299595450012],[79.36650306206673,17.502692612673968],[79.35214778769028,17.49653725239233],[79.32413532868253,17.469762765938924],[79.28096439189324,17.48070658713931],[79.23438889073475,17.485565876863802],[79.20565932851525,17.423718493413787],[79.18389355234564,17.411197174110328],[79.21538747225412,17.387795320697535],[79.21355582034488,17.383714320459546],[79.18465188857385,17.372303430059276],[79.16378954525135,17.356060477808853],[79.15226239949021,17.35497061909882],[79.11316307761399,17.370951225618626],[79.05740168164238,17.372840570835706],[79.0456468032574,17.34279129668107],[79.045120894114,17.327801042484168],[79.01731693213077,17.332131985902492],[79.00485723617254,17.32076351742245],[78.9733406245702,17.335998852165346],[78.96230169107025,17.348060850827665],[78.94286935343797,17.343577694455064],[78.94019639025129,17.354479010997636],[78.91995526442395,17.356770199385267],[78.88123794307666,17.333039534946636],[78.86377262870388,17.32784608772681],[78.83823178187129,17.305882172024667],[78.79376146501966,17.307357463975848],[78.75750194226089,17.31508549839708],[78.75302265117449,17.32999380007385],[78.73139713147248,17.326197410082443],[78.71929325228183,17.328370709041053],[78.72092905253379,17.331287070142196],[78.71359648598911,17.33418350766277],[78.70627991838359,17.347130775564892],[78.71402326825927,17.358762283152885],[78.73207366177013,17.353694334525983],[78.73010856755639,17.359647270904873],[78.73567199136937,17.376565678763086],[78.7417781299568,17.401451103285865],[78.74869527896402,17.40142832345839],[78.75565709280067,17.411273839516127],[78.75960440971579,17.427179448872494],[78.75088004427869,17.44047215446642],[78.76033741204196,17.46020181246371],[78.75147556634437,17.471336568727736],[78.71958710036444,17.47193679334839],[78.71699886050908,17.468528984225316],[78.7096331638395,17.476007231948245],[78.70735420803032,17.50556041667994],[78.7118519442119,17.521387445973915],[78.70051040593057,17.535306902591515],[78.69496238930287,17.55143815724523],[78.70558124497853,17.557697587074017],[78.6890927535278,17.562419883970506],[78.67656614800939,17.576085194875873],[78.69139661246373,17.58460660850824],[78.69315500200179,17.59237471132394],[78.68665089002661,17.595164215855903],[78.70196760172348,17.611564215815974],[78.6853916709889,17.621913374702558],[78.70116509619231,17.631811596428065],[78.69635050097492,17.637531409646897],[78.71133018903703,17.640104265699335],[78.71141827763148,17.652185139332744],[78.72392808291477,17.668212210225363],[78.73816302080684,17.67304146798938],[78.7454111562999,17.683657733617565],[78.77671841472312,17.691922040070153],[78.78854784330838,17.702061927615944],[78.78197903860183,17.711442957326653],[78.80043435546122,17.70946369339481],[78.81551313892027,17.7023694597828],[78.81565081703161,17.722627001834724],[78.82337951245461,17.72995182971323],[78.82165007299255,17.739648076297726],[78.82740495977112,17.739716319552542],[78.84077432087827,17.752378387252804],[78.85919522158224,17.74986500966253],[78.86973398363648,17.785212030810612],[78.86816711911729,17.808628601628698],[78.89971893737913,17.805105928395903],[78.90716083360564,17.812562063588416],[78.95169128002863,17.78791292064483],[78.9798091980361,17.79821748394977],[78.9909622222288,17.79360306433],[79.00040670360653,17.77227159236014],[78.99575486589441,17.75121525088315],[79.0250487464026,17.713112818501827],[79.03752585773219,17.709790399107703],[79.04612602679475,17.726018815615873],[79.0688640834108,17.719207026682966],[79.08959113452329,17.701522055598446],[79.0985884118258,17.678680185742053],[79.11764811267034,17.669520239067822],[79.12335629225913,17.668607173582245],[79.12683566403473,17.673403898371248],[79.13049501623209,17.669966470076588]]]},"properties":{"ST_CODE":"36","ST_NAME":"TELANGANA","DIST_NAME":"YADADRI BHUVANAGIRI"}},{"type":"Feature","geometry":{"type":"Polygon","coordinates":[[[78.45797651060752,17.705507399446958],[78.45989748947761,17.698058152162048],[78.4715708488157,17.69030293483263],[78.4943857309168,17.695122595931082],[78.49651464203714,17.685746926179775],[78.5089633698637,17.684061827791197],[78.51905466074408,17.70234217345262],[78.5216410318082,17.696529870357267],[78.53605199130641,17.69672721398979],[78.56172596118421,17.68418729490776],[78.57410038882193,17.68519913563165],[78.57529753305477,17.6957563625661],[78.59274988819686,17.697026945437244],[78.61408964652003,17.68009726907377],[78.61701664120511,17.67242918525875],[78.63422718123945,17.66919851380044],[78.65032186316353,17.676627290716965],[78.65926969484059,17.69743227707795],[78.66965652992496,17.69838511058441],[78.68603544707827,17.693331124831616],[78.68541155859663,17.688420714944073],[78.70535113814458,17.686371314684493],[78.71813003407385,17.669502933413696],[78.72392808291477,17.668212210225363],[78.71141827763148,17.652185139332744],[78.71133018903703,17.640104265699335],[78.69635050097492,17.637531409646897],[78.70116509619231,17.631811596428065],[78.6853916709889,17.621913374702558],[78.70196760172348,17.611564215815974],[78.68665089002661,17.595164215855903],[78.69315500200179,17.59237471132394],[78.69139661246373,17.58460660850824],[78.67656614800939,17.576085194875873],[78.6890927535278,17.562419883970506],[78.70558124497853,17.557697587074017],[78.69496238930287,17.55143815724523],[78.70051040593057,17.535306902591515],[78.7118519442119,17.521387445973915],[78.70735420803032,17.50556041667994],[78.7096331638395,17.476007231948245],[78.71699886050908,17.468528984225316],[78.71958710036444,17.47193679334839],[78.75147556634437,17.471336568727736],[78.76033741204196,17.46020181246371],[78.75088004427869,17.44047215446642],[78.75960440971579,17.427179448872494],[78.75565709280067,17.411273839516127],[78.74869527896402,17.40142832345839],[78.7417781299568,17.401451103285865],[78.73567199136937,17.376565678763086],[78.6752028900014,17.38756758447647],[78.65489110803827,17.3719075026292],[78.64526006500006,17.371823698405024],[78.62461654831509,17.364004554566577],[78.5978610906169,17.343561936534172],[78.56197800967749,17.344660471903296],[78.56042168161537,17.35219927008029],[78.5741198537483,17.361726534052366],[78.56871790051076,17.37003770687471],[78.55006581468564,17.368624776612194],[78.53301727942397,17.3547039494278],[78.53234633121826,17.357164010710562],[78.52524395244649,17.362340389697295],[78.52714558510075,17.376348524864568],[78.53204049877007,17.377138607161044],[78.5286643008169,17.38020670907241],[78.53040519764181,17.396832944284995],[78.52249217177638,17.398998015346194],[78.52315284522768,17.4039098686456],[78.51850889996581,17.40653572984013],[78.55185567869665,17.411020018459112],[78.54259478851873,17.41873315291275],[78.55187155263013,17.42831037872105],[78.55006331097309,17.443046587030437],[78.54964822168813,17.443141005952725],[78.53082882688892,17.44335201208571],[78.5099422630251,17.449849442098127],[78.49886140852726,17.4602546332448],[78.50590965350779,17.46908963148138],[78.50160221566978,17.471243624693557],[78.50157772623112,17.487219540349543],[78.49542304493764,17.488024128710606],[78.49310322033739,17.46591720821266],[78.48727620343408,17.45768102805704],[78.4773577298754,17.45794925085727],[78.47995389006002,17.464574174158884],[78.47767615822818,17.468483215028414],[78.47330873830771,17.46656245109631],[78.47111209654605,17.46529945310732],[78.47223404306669,17.447675531600567],[78.47832053956131,17.442738533256772],[78.46904364324962,17.433186065784355],[78.4620820218679,17.430911800839],[78.46060945576181,17.43659481649763],[78.44586307522081,17.438911523148306],[78.42205917449138,17.442647884292455],[78.40165394937031,17.438336321264273],[78.40200874270937,17.42500281792576],[78.39360520861356,17.41849408973053],[78.3652399653522,17.438709369941535],[78.36599518453022,17.506295267112932],[78.34700550579953,17.521853258820897],[78.35145299865701,17.528901863530223],[78.3486297263808,17.535506337147808],[78.36152645598122,17.54995374796715],[78.35521874694768,17.562264294961267],[78.3630988081635,17.568351534295914],[78.37732611710669,17.56340702391509],[78.38379796680277,17.595787214008794],[78.38902963970617,17.59456921809499],[78.3874779593404,17.606245459760203],[78.37151198479035,17.61503315365718],[78.3906616924832,17.62162077038232],[78.38708149591434,17.638083114943868],[78.38128896441424,17.642649961326697],[78.3953947182917,17.67618525234758],[78.40999912465992,17.670108287767334],[78.42124169075146,17.671823500853918],[78.43067617616464,17.68671722272171],[78.44578683339569,17.698428727703686],[78.44865667166812,17.708172294815597],[78.45797651060752,17.705507399446958]]]},"properties":{"ST_CODE":"36","ST_NAME":"TELANGANA","DIST_NAME":"MEDCHAL-MALKAJGIRI"}},{"type":"Feature","geometry":{"type":"Polygon","coordinates":[[[77.78362942335923,17.638975579659302],[77.78808677728301,17.638317728280583],[77.79992098666423,17.625208385458677],[77.81602061396023,17.626744684719483],[77.82291607311834,17.632282013803945],[77.85166653917952,17.61715439086248],[77.8560342091115,17.61319335029293],[77.85293098417765,17.60868809128243],[77.86754317237956,17.619832120456067],[77.86759409559107,17.611062362637995],[77.87503897396954,17.603264605577124],[77.86881921143754,17.59705268693199],[77.87286498163365,17.58283407173508],[77.89740619154259,17.582401862955635],[77.93662603606276,17.567795668735187],[77.93390599246766,17.561018393084396],[77.9402978078976,17.55117460642299],[77.9367769908655,17.539154490087697],[77.96309096777401,17.534159311902783],[77.97427852503398,17.518751660760586],[77.96608628215625,17.504954679215132],[77.96464588390046,17.4844488874063],[77.98093529063124,17.483978795585017],[77.99112480006954,17.507169573616977],[78.00736528997624,17.496080100915947],[78.00039533997301,17.483331146115574],[78.00351862878176,17.4760432794738],[78.02193987662406,17.465484092017277],[78.01921249366171,17.455399333812238],[78.0041117757379,17.4428599714106],[78.00233129345446,17.432759845590454],[78.01535134978502,17.40361876259584],[78.02108599282434,17.372898946729038],[78.03253598304923,17.359041127845842],[78.0407741614984,17.355632566889483],[78.04301352825178,17.312170367568456],[78.07354132177466,17.2399601024768],[78.06812062126971,17.22192961815739],[78.0660965989789,17.184704967260473],[78.04538078129809,17.188054171163117],[78.04216586146538,17.167212675024984],[78.01616710232997,17.165766279190507],[78.01144928046,17.147913016172822],[78.00409549621025,17.147727431176065],[77.99879794526902,17.133862406025287],[77.99177884551739,17.128506230977848],[77.99012591677769,17.103622386563927],[77.9542666876576,17.09949269433241],[77.95432381619122,17.095827002813962],[77.93394200581895,17.08561887561069],[77.94930191824898,17.080978131035977],[77.94912855503884,17.075834767060883],[77.92341524971408,17.06494809597791],[77.92285908288045,17.05208375995761],[77.93232525140928,17.048254559999975],[77.93505611025137,17.02831200999134],[77.95085045728285,17.02061434297758],[77.94839084656036,17.017130112164978],[77.95368171284082,17.014682930073207],[77.97837992459392,17.010361989814044],[77.97828163498951,17.004418363216928],[77.99298835992494,16.994439955239784],[77.99980884620135,16.980026004596482],[77.98817110631154,16.960776326466316],[77.9916583732354,16.95559390403548],[78.0109109004178,16.949928215614705],[78.0122648081744,16.943577698851755],[78.00853172955573,16.9441484895612],[78.00466690925055,16.93620292352614],[78.01011787464029,16.9239318522732],[78.00881166782426,16.902829618392218],[77.98810043218924,16.899108422515724],[77.9816432909052,16.893535983898573],[77.9785828395265,16.876834361216822],[77.99048938407788,16.87090972920072],[77.9776843538499,16.847171963715198],[77.96706160321048,16.85043271839527],[77.95485636772725,16.868626826267075],[77.93779651539694,16.86456150480967],[77.9315732859784,16.849966514343237],[77.92196463156256,16.84492972272858],[77.91204176751364,16.851642781389273],[77.91443145954429,16.86070816884694],[77.88705999412349,16.85964461350818],[77.86376352236874,16.85099984346806],[77.86815694438752,16.858829191913742],[77.86481839385385,16.86306950705216],[77.85738826705494,16.854299638617476],[77.84344946512078,16.861582973575423],[77.84225856757888,16.85657050592414],[77.82010038932157,16.863813319229337],[77.82201241544067,16.88418340154277],[77.81171037653269,16.89183579218809],[77.7956878580083,16.873651970761898],[77.77076489128677,16.879551178943814],[77.763951681425,16.872906505630795],[77.74389809572062,16.880502266866188],[77.72301352925103,16.86803993139779],[77.72200701880894,16.857922547587577],[77.72269141907378,16.844318458030443],[77.73322338045472,16.818459887014228],[77.73051800750011,16.799118745134024],[77.73470998947448,16.78318858068849],[77.72905424126026,16.779767691825555],[77.70820963436717,16.78474002093526],[77.69490967664035,16.77906899863541],[77.680014509562,16.783418804434348],[77.66252796039709,16.7637416461601],[77.63422696380337,16.785811594629422],[77.62220241830704,16.786283334008715],[77.61069306833048,16.77552344305252],[77.58396860846455,16.785874226114686],[77.56342763697592,16.801645050478726],[77.55334945911028,16.819547317554736],[77.56550677601695,16.830591990527978],[77.5814799235597,16.83189338057508],[77.58415542193524,16.836566276812277],[77.57927700453018,16.842423476762065],[77.56258021750307,16.844181157634353],[77.54795867815051,16.889084115839296],[77.51990603833303,16.91751355001037],[77.49843692872133,16.902244207404294],[77.46686573276742,16.916040580108756],[77.4697921545843,16.922349766728416],[77.46945565615368,16.92808090241175],[77.46424506066109,16.92986989497973],[77.46832745484824,16.939611637367193],[77.46558860103318,16.957889414564875],[77.47228646205065,16.957442472192383],[77.48147914404734,16.970731110152656],[77.4795520569819,16.99604072689806],[77.50235266594285,17.009596524659912],[77.50262281509089,17.01374665848158],[77.49498581364446,17.027089664956122],[77.49669388071806,17.04272174551221],[77.48814573833522,17.0471738590864],[77.4799694791082,17.06880789087154],[77.48102164093604,17.079243190420925],[77.4672969567892,17.086338206443145],[77.46289783216929,17.094091007294196],[77.46453709930773,17.106754950080926],[77.44583975240272,17.117966378045935],[77.43604777028844,17.114989304612777],[77.40670261223585,17.12452248522459],[77.40386690413436,17.132924103764424],[77.37795767970323,17.139952737229066],[77.37826935234881,17.152583963579104],[77.36694252337878,17.15442007792433],[77.36248790249476,17.163836955511158],[77.37194490603264,17.181133752220944],[77.37231592494004,17.195569474551633],[77.39393923141046,17.194403634819935],[77.39820665211533,17.210426013050096],[77.40379097167607,17.209900817968446],[77.40202046737073,17.214130730648776],[77.38880365646361,17.215333821198954],[77.38023271896486,17.22253832158634],[77.40831070977151,17.24121601470739],[77.42046077904178,17.237634538403256],[77.42646702903022,17.25673135966457],[77.45867774997822,17.279264442799843],[77.45492218021451,17.287241507589556],[77.43796987690837,17.291920123514956],[77.45606037478655,17.331236794442532],[77.4571096434953,17.34741334974632],[77.45111355944329,17.35938415715316],[77.45366025871402,17.373995941559485],[77.47914790884897,17.370727433824072],[77.47457776375285,17.361780728098154],[77.48356675740001,17.355337219637022],[77.51922553213268,17.36206088939855],[77.53245711080706,17.375416103270595],[77.53308875144478,17.38069638722851],[77.52626055707913,17.381935446163936],[77.52435771303806,17.388160952665885],[77.53788960412197,17.4060973930803],[77.51421824547572,17.41418390356432],[77.51308336220745,17.43109591094759],[77.53755882358092,17.44387733307252],[77.57600184091228,17.430976963016462],[77.5762470482627,17.456440571575172],[77.60386590009125,17.44420427530713],[77.6144608409951,17.447466545344867],[77.6152754388105,17.472890406567046],[77.63828493690039,17.473523611125813],[77.64482701285641,17.477567878554794],[77.64791449515786,17.496080379705802],[77.65710784535082,17.506163510137924],[77.65241694828359,17.48302854583079],[77.6887465920816,17.475610611140837],[77.68804795914605,17.48943242027002],[77.6925563891661,17.49894251348627],[77.68772765480747,17.511815637681593],[77.69066578130082,17.526536549422246],[77.7095607299438,17.52602855027743],[77.76143636219842,17.558261593297914],[77.76160416669899,17.57944060859728],[77.77003476229453,17.584353236212905],[77.77428365246863,17.60126169217341],[77.76753584130608,17.612888681567426],[77.7496883537346,17.61378538119044],[77.74653041134945,17.624516814899152],[77.7763581258269,17.627083328932542],[77.78362942335923,17.638975579659302]]]},"properties":{"ST_CODE":"36","ST_NAME":"TELANGANA","DIST_NAME":"VIKARABAD"}},{"type":"Feature","geometry":{"type":"Polygon","coordinates":[[[80.48146151763501,17.50716259577723],[80.49714812948264,17.490102204752986],[80.54388335833039,17.489463206761627],[80.57567668053446,17.467871415233674],[80.57938963142641,17.4493385390424],[80.58991509340689,17.439436559050023],[80.58267901512448,17.427209408887165],[80.58030098370347,17.420793066247086],[80.58657761666376,17.39287658558601],[80.57863161175953,17.360338054557644],[80.58295920700186,17.341733529378928],[80.59405776735213,17.322857075293825],[80.61321956822854,17.32646457797796],[80.6213144603941,17.320558489982375],[80.64348311665259,17.283680919838616],[80.67228980652942,17.29051036965791],[80.69086739521418,17.277156275441826],[80.70479560403396,17.27391382376402],[80.71885768953081,17.2894271371527],[80.74420699155945,17.29622480583015],[80.75031374078657,17.305912773255955],[80.79423499724737,17.32764341740983],[80.80246720779547,17.34006385706141],[80.84301212241155,17.335097047990416],[80.85911127036889,17.348067260295863],[80.87483972137608,17.350953605624454],[80.89081320436594,17.345976164768217],[80.89185769947329,17.338176290703302],[80.88984259396062,17.26834129341603],[80.8767877797323,17.25807932560042],[80.8753179430687,17.251822162063206],[80.89230894330314,17.240962316857463],[80.91918367808432,17.235871610886193],[80.93538890557357,17.22022256102241],[80.91891083636608,17.219937097319246],[80.91654971669612,17.21583191790876],[80.91813767211596,17.19005153664915],[80.92549442772571,17.18355749528223],[80.92384886623222,17.157742312957453],[80.9096366623022,17.153926256591546],[80.87947366887477,17.160574657594395],[80.879620254771,17.134357391080812],[80.8679474925828,17.12334478793167],[80.87633502144416,17.105582734155917],[80.86750502343813,17.080633839080463],[80.87697783885625,17.070207226082687],[80.84519636252219,17.039625390499396],[80.83351983397324,17.050912419972235],[80.79663893723722,17.06224988072745],[80.7647843568127,17.06692538409925],[80.7388638683729,17.079635576320868],[80.69943844243022,17.083794721349363],[80.69509429516563,17.074881541450054],[80.6794459305853,17.072322132060776],[80.67323118447166,17.06700124101451],[80.67108536969414,17.070344391580477],[80.65353463231747,17.06893728442816],[80.64971561808136,17.07175690725552],[80.65674809434915,17.08929165468618],[80.66802167985668,17.09508051695235],[80.67039738473159,17.101205508927137],[80.64182085924534,17.11602581014307],[80.64529135381298,17.12346105678239],[80.63684458750777,17.1283676697322],[80.61818900242059,17.12855538702155],[80.5799683910285,17.15336838644191],[80.56260688360084,17.13318948830431],[80.5541191423846,17.133900924887826],[80.52765033729327,17.11925617133528],[80.51394713255416,17.122336586764106],[80.51278957018258,17.109228708937792],[80.50415253611072,17.093294028096977],[80.51001059131579,17.08718978348179],[80.50550122420219,17.069138382730216],[80.49091889529086,17.05129503743609],[80.47136335143756,17.050691778502824],[80.46484748981987,17.03034688080396],[80.43861746372505,17.037907062161253],[80.43170588961516,17.055846733839758],[80.41703252593038,17.07393289338836],[80.41897017103662,17.092346167841413],[80.4121259480541,17.09250771395989],[80.3944248152531,17.076445460689513],[80.38572513800477,17.0671091821431],[80.39850076040182,17.052650680884256],[80.3957636611641,17.035773757852667],[80.4074819119607,17.025880774678058],[80.40703995093304,17.015842607650256],[80.3878585969967,17.0093127444876],[80.36501269278159,16.97525322335764],[80.44744806877344,16.95593245741702],[80.4933256420648,16.927198677377135],[80.4971159616324,16.95466961680944],[80.50512185958621,16.956803107277608],[80.52649953512548,16.947794284478675],[80.53542346821854,16.961187412868867],[80.58075043788244,16.93734086448933],[80.58433565536626,16.92915421359612],[80.60220991035914,16.91879061249682],[80.58684712639382,16.90370331875323],[80.59414471380757,16.899874748321054],[80.59495664783111,16.884089407100532],[80.57764513731331,16.87978544784022],[80.5689430336941,16.869681652786085],[80.5702731849596,16.84734242481312],[80.56337627699367,16.8332621505279],[80.5652986336251,16.82703908478601],[80.5760322733708,16.82640782366218],[80.59452939071889,16.802677347181884],[80.61284862666287,16.79386389760083],[80.59703737237692,16.79288991024123],[80.57803719136336,16.779725108027378],[80.57013317940277,16.768805839218146],[80.5519926135683,16.775047873460665],[80.5163170835666,16.775739360383227],[80.50329888613476,16.779862354464115],[80.48551395900205,16.791996208957926],[80.46499838077074,16.79522186669584],[80.46497493094836,16.820278765852436],[80.45362573404043,16.822732488713427],[80.44076702867551,16.834106970060645],[80.42835945922172,16.838118339389894],[80.4263444436412,16.849829914518978],[80.3828412316376,16.865447007873172],[80.37832231642182,16.85271436317737],[80.40800315272338,16.848705284421385],[80.40438105044518,16.83244191126522],[80.39863731346128,16.83330397979489],[80.38569689389658,16.82532368374109],[80.38534926095969,16.817128753689076],[80.38173055182358,16.816010699434287],[80.37344275777713,16.82983047429701],[80.38012679621471,16.84168695718739],[80.37272841998066,16.840203159448322],[80.37364529949105,16.85205647042983],[80.34051792476248,16.85968953104708],[80.34434293208074,16.87452401007505],[80.32178769144883,16.879296436081688],[80.32455644952057,16.90606840083609],[80.31270765763236,16.917435018511355],[80.3161595919916,16.948621851417386],[80.30328029215184,16.95424892294949],[80.30732978913852,16.973646885795176],[80.29303682698804,16.97693897375467],[80.29406953917794,16.995923278136843],[80.28310696081763,17.00782034113587],[80.27047268846388,17.004311528254448],[80.26410876101056,16.99755049705783],[80.24040259230583,17.002469709509512],[80.22616340601644,17.01564307866522],[80.22287015973012,17.008159033012987],[80.21143191555052,17.010595182221948],[80.20206018123241,17.01734691173067],[80.19959163124884,17.026535812078123],[80.2041013877689,17.038331399174808],[80.1964635652414,17.044076212647155],[80.18729775588679,17.019997682347196],[80.17017577389294,17.01686934564384],[80.16777426836785,17.005633666560527],[80.15336767327955,17.006985063410013],[80.14050658561047,16.99035493053566],[80.12048505803904,16.991835132785184],[80.120261862495,16.987874190241712],[80.09541722312639,16.990395940520273],[80.0913561051002,16.96827952587944],[80.05628803206707,16.970781985700114],[80.06060601265739,16.98792474203327],[80.05632279536076,16.996710487099335],[80.06200898202894,17.009670365295165],[80.05097001165677,17.01139709330124],[80.0368824627555,17.024484785844265],[80.0389730906357,17.053280199121957],[80.0279037510573,17.054458254345036],[80.01656985161742,17.066306918529506],[79.99684005782245,17.075583411045614],[79.985988057403,17.09767789841635],[79.9707150302745,17.11042389534657],[79.96174090421943,17.125060465967806],[79.94673469604942,17.13523220750045],[79.93461192929715,17.12868414205957],[79.9180967612566,17.129963721748425],[79.91148940441252,17.15038809523446],[79.89965865292453,17.15572273961277],[79.88835713177627,17.1722391451205],[79.88084039576773,17.173836372550625],[79.87629478237835,17.193605491000653],[79.88558428898381,17.209056211574932],[79.90120282215258,17.211971819044265],[79.89518221089037,17.231456356026058],[79.90204344544873,17.24646483948078],[79.90069302975957,17.25415071008723],[79.88140830774728,17.259124078813215],[79.87283134029417,17.26603928168754],[79.86813699072957,17.26231286794456],[79.84042058853936,17.279287445659122],[79.83048255652483,17.270508162221972],[79.81775879533217,17.282286248511582],[79.81880543891992,17.289993902496633],[79.80189288295026,17.311885484827314],[79.80368168036529,17.323742934488905],[79.80377867944259,17.324520288680446],[79.83151704217784,17.335971046026998],[79.84362409237804,17.329263715148386],[79.84990441255866,17.33466716126054],[79.8754794947829,17.33058027765776],[79.87892354388651,17.35357703954878],[79.88239080988802,17.357194424882834],[79.89139512798283,17.353323192411438],[79.89589549648002,17.35650991220274],[79.90315887548178,17.37590409699652],[79.93020926044909,17.372537937276036],[79.93062740922761,17.366394555964064],[79.94040407678676,17.38219567489051],[79.93666952957517,17.39510255783682],[79.9648201667174,17.398427092436407],[79.96975211716654,17.40659081781206],[79.99155134361968,17.39940681567208],[79.99251871286839,17.364102013197396],[80.04662832493733,17.352357333124473],[80.05796097342022,17.345893139356917],[80.0685794612732,17.353157433868546],[80.07397513904147,17.350997933208077],[80.07663996696095,17.364309526363627],[80.08582852916334,17.367176464322426],[80.10044808281282,17.358026787906],[80.10845885509212,17.3587060107738],[80.12040022229246,17.382707842393074],[80.12831627167867,17.37957594257574],[80.1299480411692,17.388282273008542],[80.14020477133317,17.392898016430365],[80.14470096787545,17.39325368840707],[80.16075393114909,17.37685857985963],[80.16198694124438,17.39023816356047],[80.16028954462683,17.403211652995424],[80.1661034125425,17.407436823550597],[80.18918398495299,17.39118084192239],[80.20854504861518,17.40085853099646],[80.22778924717608,17.37853334413859],[80.24366799558157,17.37161161488416],[80.3177875231757,17.36142671177339],[80.34328071942974,17.387528833588874],[80.34651841908982,17.398131255053443],[80.35702144478392,17.40039639008137],[80.36735219904483,17.43939063427041],[80.36536350572129,17.449040275288496],[80.30057053949884,17.47579456117012],[80.27565563879676,17.45323709831348],[80.257188003024,17.473964640455847],[80.2463701417687,17.477724163639266],[80.24889223199096,17.459808404933995],[80.25907848588349,17.450801269263195],[80.25470802625449,17.44367565470776],[80.22992817044877,17.44636154564887],[80.21693450562299,17.442499077070806],[80.21531443451357,17.471383632049026],[80.23505462177343,17.4863922234224],[80.23225240892157,17.501192757539798],[80.23973117465403,17.528680016069927],[80.22944951618229,17.5354960282192],[80.22705485269933,17.54403140022896],[80.2364299882534,17.546667533479933],[80.25243511748675,17.542075967432027],[80.25278142032636,17.56560179328818],[80.327502962192,17.56574415327009],[80.3355309196163,17.546335563135756],[80.3355263708454,17.525770573453258],[80.34947530004513,17.498930692797273],[80.36101468198206,17.502463278357652],[80.38007335310283,17.531451479302405],[80.3975500322083,17.546081414725563],[80.40976426271061,17.519981805615885],[80.42696570160592,17.52251853500246],[80.4645934754086,17.50603120277782],[80.48146151763501,17.50716259577723]]]},"properties":{"ST_CODE":"36","ST_NAME":"TELANGANA","DIST_NAME":"KHAMMAM"}},{"type":"Feature","geometry":{"type":"Polygon","coordinates":[[[78.14326958212558,17.485404316356153],[78.14545937644914,17.47137589158416],[78.16603708794133,17.463596739697834],[78.19083639158629,17.477455894074296],[78.19189288724698,17.48772660419945],[78.20449814297496,17.48992189068275],[78.21395996508039,17.486226323685912],[78.21788918673661,17.438248309112225],[78.2273319000472,17.439155519111978],[78.23580699499689,17.429237430463104],[78.26430534151837,17.428212034258024],[78.27550349009402,17.43503983651931],[78.28800515201618,17.43166103143153],[78.29352947150795,17.452204085749997],[78.30168362899633,17.461412503184533],[78.29778158305368,17.491165914775195],[78.30813568011757,17.490134084820227],[78.31772215185589,17.495287054454025],[78.30757580178187,17.510238081122623],[78.33707539141625,17.503994958700446],[78.34700550579953,17.521853258820897],[78.36599518453022,17.506295267112932],[78.3652399653522,17.438709369941535],[78.39360520861356,17.41849408973053],[78.38528735113039,17.40680217468065],[78.39327454228635,17.40509270556396],[78.4001750439432,17.39447599477137],[78.39262592244842,17.391500666922298],[78.38422492444079,17.384902515538727],[78.38235738328666,17.39388071732128],[78.38043629469928,17.38676202574692],[78.37837984825143,17.387556094738045],[78.37823461943219,17.381091454007446],[78.3733357676316,17.37486885051709],[78.41521118694675,17.369247640766048],[78.43551867194918,17.372634270854974],[78.43989419566066,17.36795219343901],[78.43746633999967,17.36150917420906],[78.45560161422316,17.35628243408712],[78.45047711622601,17.335575050248394],[78.46321133383606,17.328419781447792],[78.46732510806731,17.319384923275663],[78.47196732663087,17.308387282147407],[78.49342713275604,17.317764764032688],[78.50596037706981,17.314221632122667],[78.50973824822165,17.308241915731855],[78.51085817666359,17.31582511343828],[78.50827064457462,17.339259050165083],[78.50782060223906,17.341873001637737],[78.51080815097544,17.34909708026612],[78.52676934652817,17.34429534715258],[78.53301727942397,17.3547039494278],[78.55006581468564,17.368624776612194],[78.56871790051076,17.37003770687471],[78.5741198537483,17.361726534052366],[78.56042168161537,17.35219927008029],[78.56197800967749,17.344660471903296],[78.5978610906169,17.343561936534172],[78.62461654831509,17.364004554566577],[78.64526006500006,17.371823698405024],[78.65489110803827,17.3719075026292],[78.6752028900014,17.38756758447647],[78.73567199136937,17.376565678763086],[78.73010856755639,17.359647270904873],[78.73207366177013,17.353694334525983],[78.71402326825927,17.358762283152885],[78.70627991838359,17.347130775564892],[78.71359648598911,17.33418350766277],[78.72092905253379,17.331287070142196],[78.71929325228183,17.328370709041053],[78.73139713147248,17.326197410082443],[78.75302265117449,17.32999380007385],[78.75750194226089,17.31508549839708],[78.76221936932848,17.303976819774448],[78.74113733422064,17.296031394033662],[78.75175896610347,17.283454618036217],[78.75340120460197,17.261626279629127],[78.77804297850071,17.246031707097643],[78.80663606050587,17.240733164204187],[78.82039136656834,17.22858970674963],[78.81664313797052,17.225638316155425],[78.81628176519138,17.212396379989002],[78.79797772958858,17.20304904967395],[78.7592865227549,17.21425929682914],[78.77267668158362,17.18918475477267],[78.78097785664283,17.186620033088104],[78.7893367771706,17.16513857848264],[78.78511585321411,17.15938905436144],[78.77763953453695,17.16247543769134],[78.77372996666469,17.15562029693922],[78.78548086105297,17.137592566343926],[78.83356581760847,17.11283922075347],[78.83343565243348,17.103749020101247],[78.81922087824097,17.109293995221776],[78.81543719117349,17.096504613197396],[78.82794669428455,17.092257183522236],[78.84428069120099,17.0687666686469],[78.83611787953657,17.05553090722566],[78.83752591299054,17.041366177607074],[78.8339784877171,17.036694365052938],[78.8219868852866,17.03064516254426],[78.79207006777943,17.039813055628088],[78.77722147838858,17.032712558238018],[78.82474715645617,17.017174025161182],[78.82274502905989,17.00601568687449],[78.81557888835505,17.000395793730945],[78.79936069713852,16.99988184287281],[78.78960914314752,16.97664556723919],[78.75683504819898,16.984959985714795],[78.75312961833725,16.982049172531333],[78.75663473230713,16.969833433865915],[78.73188974681443,16.973582312673614],[78.70734679941529,16.967875874172307],[78.70221978061846,16.964838047937633],[78.70393942016818,16.950078835869647],[78.69598782417881,16.93590138893802],[78.69059678601292,16.932056759312047],[78.68245103718567,16.933491741850446],[78.65071729057058,16.9591845309414],[78.61477539306998,16.965074783674368],[78.58435120414481,16.95496575726395],[78.56772192292846,16.965892116328178],[78.56251006568704,16.977759276869165],[78.5578306385732,16.9863184602288],[78.52394579186483,16.993537094361443],[78.49406472240906,17.018451251324223],[78.48962186195939,17.004204714875755],[78.47966938773209,16.994517041528297],[78.45945439620345,16.98476276259146],[78.46085476023904,16.99240914846348],[78.45559671561597,16.994094950121905],[78.45649199251153,16.99891070366607],[78.42174073444738,17.014237910451243],[78.406073009262,17.01439508046866],[78.383788174085,16.95351889468128],[78.35314463331821,16.909356770998215],[78.3256829416145,16.890787682705422],[78.30280303043554,16.893514052131877],[78.29445647288799,16.890082182546735],[78.2808880369534,16.862405468337727],[78.25866072421309,16.861585717406967],[78.22691601666088,16.871467741443155],[78.20411302269787,16.901694581339882],[78.21535169922157,16.918726922509506],[78.21427271151646,16.924817069352343],[78.1924042525543,16.93658538001131],[78.1812448827452,16.93682522650306],[78.17181871156436,16.949247980110272],[78.17194513915689,16.954451257819358],[78.18899895343901,16.972336068155073],[78.18614936789908,16.979109245595282],[78.126087421997,17.00096293768945],[78.11958979233509,16.999805819582946],[78.11160622184974,16.98414128429289],[78.07698373231347,16.97158559290085],[78.05999618547565,16.99445200885316],[78.03402192387273,16.98391218649823],[78.0058058781388,16.998432859688762],[77.99298835992494,16.994439955239784],[77.97828163498951,17.004418363216928],[77.97837992459392,17.010361989814044],[77.95368171284082,17.014682930073207],[77.94839084656036,17.017130112164978],[77.95085045728285,17.02061434297758],[77.93505611025137,17.02831200999134],[77.93232525140928,17.048254559999975],[77.92285908288045,17.05208375995761],[77.92341524971408,17.06494809597791],[77.94912855503884,17.075834767060883],[77.94930191824898,17.080978131035977],[77.93394200581895,17.08561887561069],[77.95432381619122,17.095827002813962],[77.9542666876576,17.09949269433241],[77.99012591677769,17.103622386563927],[77.99177884551739,17.128506230977848],[77.99879794526902,17.133862406025287],[78.00409549621025,17.147727431176065],[78.01144928046,17.147913016172822],[78.01616710232997,17.165766279190507],[78.04216586146538,17.167212675024984],[78.04538078129809,17.188054171163117],[78.0660965989789,17.184704967260473],[78.06812062126971,17.22192961815739],[78.07354132177466,17.2399601024768],[78.04301352825178,17.312170367568456],[78.0407741614984,17.355632566889483],[78.03253598304923,17.359041127845842],[78.02108599282434,17.372898946729038],[78.01535134978502,17.40361876259584],[78.00233129345446,17.432759845590454],[78.0041117757379,17.4428599714106],[78.01921249366171,17.455399333812238],[78.02193987662406,17.465484092017277],[78.04151695654235,17.471044829555296],[78.04084784834959,17.459020202220586],[78.04780888247399,17.45126511799083],[78.06315877825506,17.448860078130167],[78.06973199953222,17.45549171127351],[78.06452439068812,17.45833479381571],[78.06175888906154,17.471938812326357],[78.04940768101972,17.47672959979127],[78.05243044361015,17.483247224080174],[78.06359970236446,17.485627853642598],[78.06525591273027,17.502105103567715],[78.05814199835459,17.504695588130915],[78.05747812151816,17.50929019208877],[78.0662608430635,17.507759008171718],[78.07012577848195,17.518734185134576],[78.08186208946393,17.516651283330134],[78.08379225670734,17.49864130715065],[78.10977289989944,17.49172004914101],[78.11052083816622,17.48451236875087],[78.11799649134508,17.482671046431676],[78.13196286469451,17.48995361966388],[78.14326958212558,17.485404316356153]]]},"properties":{"ST_CODE":"36","ST_NAME":"TELANGANA","DIST_NAME":"RANGAREDDY"}},{"type":"Feature","geometry":{"type":"Polygon","coordinates":[[[79.21538747225412,17.387795320697535],[79.18389355234564,17.411197174110328],[79.20565932851525,17.423718493413787],[79.23438889073475,17.485565876863802],[79.28096439189324,17.48070658713931],[79.32413532868253,17.469762765938924],[79.35214778769028,17.49653725239233],[79.36650306206673,17.502692612673968],[79.36173665971916,17.520299595450012],[79.4125616338124,17.498865121428253],[79.42371993702551,17.502137593375267],[79.43024090949046,17.516909341093253],[79.4495532469848,17.51189979983593],[79.47214112041644,17.51463641703708],[79.50515863935976,17.495833347630935],[79.52157044292164,17.495402839469534],[79.52609912927147,17.51241795592398],[79.54156348356798,17.52699071694809],[79.56555870606951,17.497796898608044],[79.5760572999045,17.503851551907644],[79.59659618046942,17.499480818884706],[79.58969908004855,17.528936311161885],[79.59512114842232,17.527273628375326],[79.60332151757405,17.498862730130952],[79.62079786482968,17.500572404293052],[79.63865133469142,17.48665638038767],[79.65023011053125,17.49336173095918],[79.65663471252202,17.491047538812893],[79.65650731186298,17.47107420051401],[79.69027625214738,17.454918734312173],[79.69988555317582,17.456161749365265],[79.69983362542155,17.448276356968336],[79.71160693001588,17.444029477678328],[79.72835733102607,17.42832774462977],[79.74534037675704,17.428261277535967],[79.75202050494238,17.43985941128284],[79.76201512949467,17.429889056734623],[79.76223912633469,17.408134679471914],[79.77248510060696,17.399652575206233],[79.77556022802219,17.403311501124904],[79.79686066888485,17.393712013498657],[79.7914478293539,17.383978713946533],[79.78118398465324,17.381122691059375],[79.77766788456529,17.36928328539534],[79.79621641705404,17.354230656020036],[79.79282728235324,17.326315020721665],[79.80377867944259,17.324520288680446],[79.80368168036529,17.323742934488905],[79.80189288295026,17.311885484827314],[79.81880543891992,17.289993902496633],[79.81775879533217,17.282286248511582],[79.83048255652483,17.270508162221972],[79.84042058853936,17.279287445659122],[79.86813699072957,17.26231286794456],[79.87283134029417,17.26603928168754],[79.88140830774728,17.259124078813215],[79.90069302975957,17.25415071008723],[79.90204344544873,17.24646483948078],[79.89518221089037,17.231456356026058],[79.90120282215258,17.211971819044265],[79.88558428898381,17.209056211574932],[79.87629478237835,17.193605491000653],[79.88084039576773,17.173836372550625],[79.88835713177627,17.1722391451205],[79.89965865292453,17.15572273961277],[79.91148940441252,17.15038809523446],[79.9180967612566,17.129963721748425],[79.93461192929715,17.12868414205957],[79.94673469604942,17.13523220750045],[79.96174090421943,17.125060465967806],[79.9707150302745,17.11042389534657],[79.985988057403,17.09767789841635],[79.99684005782245,17.075583411045614],[80.01656985161742,17.066306918529506],[80.0279037510573,17.054458254345036],[80.0389730906357,17.053280199121957],[80.0368824627555,17.024484785844265],[80.05097001165677,17.01139709330124],[80.06200898202894,17.009670365295165],[80.05632279536076,16.996710487099335],[80.06060601265739,16.98792474203327],[80.05628803206707,16.970781985700114],[80.05761053549787,16.96365447807176],[80.04812382915145,16.949430481331717],[80.05142419537037,16.93828623182418],[80.04050312521912,16.919663799344903],[80.01715204752901,16.917293138767377],[80.01395675360135,16.903904543859653],[80.00233413940907,16.871360543154594],[80.003748897094,16.86172310323866],[80.01806472540682,16.85369729699272],[80.04662747777593,16.853209331145763],[80.04822340838365,16.83289030334487],[80.07292100500041,16.81819905754054],[80.06686335875708,16.788400462211598],[80.05430861525048,16.766654803876122],[80.05294109985192,16.74444579233949],[80.0379463229645,16.729793668842774],[80.03095570114476,16.715251927234704],[80.00764263599893,16.70930206473855],[79.9975486192734,16.70227990279534],[79.97939629570254,16.665677960469566],[79.96162571905177,16.642916688754212],[79.93237278107904,16.63164751532065],[79.9076114710926,16.63573127108134],[79.89291235172374,16.652164326522495],[79.88596175513095,16.686423067270766],[79.87837890726081,16.697005525584586],[79.85108155227186,16.70617106154532],[79.8172823911695,16.69219994517141],[79.78585193821641,16.730467250263416],[79.77279016773213,16.730897429273],[79.74442676178569,16.719183835165893],[79.72420822243157,16.691257459264364],[79.698812754605,16.69168830826885],[79.69292915865378,16.7380531540299],[79.67394431737642,16.759862425910285],[79.68015871815038,16.794475135319317],[79.67101993702056,16.851272683387663],[79.62206114340711,16.950627148024523],[79.61910287479787,16.991281195370902],[79.59182357909498,17.087280978334547],[79.58116506151845,17.129008298194435],[79.54490046838197,17.183188331676206],[79.51554261460007,17.258728476937733],[79.49217157735649,17.287098793274765],[79.48339696319937,17.277767269443984],[79.45752271520121,17.28449233585269],[79.42799205039285,17.250800786726984],[79.41709060434795,17.247942848283856],[79.39962686648676,17.253213556260675],[79.38037909132208,17.229241439141163],[79.3712689455055,17.246486057185848],[79.36075994021911,17.253503944651357],[79.35355321940563,17.27010400149851],[79.30644074564395,17.30562233180524],[79.31518408767556,17.330850838695312],[79.3134279338521,17.344942886005413],[79.30704491109384,17.34902501309392],[79.31842681274725,17.382243720271504],[79.24302775222901,17.377493046167217],[79.21538747225412,17.387795320697535]]]},"properties":{"ST_CODE":"36","ST_NAME":"TELANGANA","DIST_NAME":"SURYAPET"}},{"type":"Feature","geometry":{"type":"Polygon","coordinates":[[[78.47111209654605,17.46529945310732],[78.47330873830771,17.46656245109631],[78.47767615822818,17.468483215028414],[78.47995389006002,17.464574174158884],[78.4773577298754,17.45794925085727],[78.48727620343408,17.45768102805704],[78.49310322033739,17.46591720821266],[78.49542304493764,17.488024128710606],[78.50157772623112,17.487219540349543],[78.50160221566978,17.471243624693557],[78.50590965350779,17.46908963148138],[78.49886140852726,17.4602546332448],[78.5099422630251,17.449849442098127],[78.53082882688892,17.44335201208571],[78.54964822168813,17.443141005952725],[78.55006331097309,17.443046587030437],[78.55187155263013,17.42831037872105],[78.54259478851873,17.41873315291275],[78.55185567869665,17.411020018459112],[78.51850889996581,17.40653572984013],[78.52315284522768,17.4039098686456],[78.52249217177638,17.398998015346194],[78.53040519764181,17.396832944284995],[78.5286643008169,17.38020670907241],[78.53204049877007,17.377138607161044],[78.52714558510075,17.376348524864568],[78.52524395244649,17.362340389697295],[78.53234633121826,17.357164010710562],[78.53301727942397,17.3547039494278],[78.52676934652817,17.34429534715258],[78.51080815097544,17.34909708026612],[78.50782060223906,17.341873001637737],[78.50827064457462,17.339259050165083],[78.51085817666359,17.31582511343828],[78.50973824822165,17.308241915731855],[78.50596037706981,17.314221632122667],[78.49342713275604,17.317764764032688],[78.47196732663087,17.308387282147407],[78.46732510806731,17.319384923275663],[78.46321133383606,17.328419781447792],[78.45047711622601,17.335575050248394],[78.45560161422316,17.35628243408712],[78.43746633999967,17.36150917420906],[78.43989419566066,17.36795219343901],[78.43551867194918,17.372634270854974],[78.41521118694675,17.369247640766048],[78.3733357676316,17.37486885051709],[78.37823461943219,17.381091454007446],[78.37837984825143,17.387556094738045],[78.38043629469928,17.38676202574692],[78.38235738328666,17.39388071732128],[78.38422492444079,17.384902515538727],[78.39262592244842,17.391500666922298],[78.4001750439432,17.39447599477137],[78.39327454228635,17.40509270556396],[78.38528735113039,17.40680217468065],[78.39360520861356,17.41849408973053],[78.40200874270937,17.42500281792576],[78.40165394937031,17.438336321264273],[78.42205917449138,17.442647884292455],[78.44586307522081,17.438911523148306],[78.46060945576181,17.43659481649763],[78.4620820218679,17.430911800839],[78.46904364324962,17.433186065784355],[78.47832053956131,17.442738533256772],[78.47223404306669,17.447675531600567],[78.47111209654605,17.46529945310732]]]},"properties":{"ST_CODE":"36","ST_NAME":"TELANGANA","DIST_NAME":"HYDERABAD"}},{"type":"Feature","geometry":{"type":"Polygon","coordinates":[[[79.18465188857385,17.372303430059276],[79.21355582034488,17.383714320459546],[79.21538747225412,17.387795320697535],[79.24302775222901,17.377493046167217],[79.31842681274725,17.382243720271504],[79.30704491109384,17.34902501309392],[79.3134279338521,17.344942886005413],[79.31518408767556,17.330850838695312],[79.30644074564395,17.30562233180524],[79.35355321940563,17.27010400149851],[79.36075994021911,17.253503944651357],[79.3712689455055,17.246486057185848],[79.38037909132208,17.229241439141163],[79.39962686648676,17.253213556260675],[79.41709060434795,17.247942848283856],[79.42799205039285,17.250800786726984],[79.45752271520121,17.28449233585269],[79.48339696319937,17.277767269443984],[79.49217157735649,17.287098793274765],[79.51554261460007,17.258728476937733],[79.54490046838197,17.183188331676206],[79.58116506151845,17.129008298194435],[79.59182357909498,17.087280978334547],[79.61910287479787,16.991281195370902],[79.62206114340711,16.950627148024523],[79.67101993702056,16.851272683387663],[79.68015871815038,16.794475135319317],[79.67394431737642,16.759862425910285],[79.69292915865378,16.7380531540299],[79.698812754605,16.69168830826885],[79.68382497084576,16.694889567399684],[79.66492109553218,16.68825306982336],[79.64969132489477,16.670668998175756],[79.63309387967888,16.660628962356782],[79.59731117656958,16.67312338743443],[79.57609768216236,16.650397827797576],[79.54339000574424,16.633212118944186],[79.52543944417505,16.63103592506792],[79.50443944522425,16.636469533542197],[79.49431601347328,16.63387216556805],[79.48490490233945,16.623234925951124],[79.46162776061271,16.62312019943772],[79.46157043332892,16.62314320319632],[79.44109601167168,16.61500768415732],[79.4334206847169,16.592139069362588],[79.41841808462698,16.580002356823343],[79.37858119456655,16.584043050346565],[79.35132357432354,16.579334323320438],[79.33956849269185,16.58229522244659],[79.31778757643553,16.574619596017612],[79.30809426703684,16.574696039290814],[79.28915586225332,16.56075496926644],[79.2571087666563,16.566123795077146],[79.24524682218316,16.532575650945603],[79.22839303241255,16.524985867503858],[79.22141127880752,16.515545168674635],[79.214940681867,16.48259403768475],[79.2334668841894,16.459853761541922],[79.21178771543077,16.447990030115875],[79.20795088022902,16.38348131351188],[79.21252144261052,16.37392545019941],[79.21069849254144,16.356654963156075],[79.20265959756244,16.363264273327616],[79.193505751889,16.359589678520877],[79.18045482093328,16.36809684958996],[79.17175245201412,16.368554326620938],[79.16487168508024,16.378853299740058],[79.15404094373463,16.382367453695053],[79.15170197886329,16.400257660862394],[79.14277929043197,16.399155569573907],[79.12202886054354,16.407021859471286],[79.10989663112468,16.421269943653044],[79.09150405636717,16.422029713400605],[79.07259698486303,16.443266770045454],[79.05927568982128,16.447341482223692],[79.04657457535643,16.459017301207552],[78.9859546702719,16.493681989632194],[78.93911838460582,16.510676456753117],[78.92209434687669,16.524416916807297],[78.9099041750377,16.55143536954671],[78.86881565351968,16.543865556450328],[78.8554063966879,16.551238462984713],[78.83537277053699,16.543674660956867],[78.80047683493802,16.514369636949255],[78.78817851962305,16.516197543182102],[78.77782588395746,16.528175947162254],[78.76520741988656,16.533780868392398],[78.71825689244167,16.540085488254704],[78.69389004129243,16.53647074422952],[78.68141755247814,16.540090332003274],[78.6798824565102,16.53158974756883],[78.67558535098323,16.533438082801354],[78.67475848911306,16.52786770363167],[78.66917749434594,16.529656870668077],[78.66140346140065,16.525225929832857],[78.64471175194586,16.534821852546486],[78.63537537357467,16.524466027884955],[78.63001684500148,16.526965049597436],[78.61435903124436,16.517836650241293],[78.61075407184302,16.522833659445894],[78.61291937402996,16.531730084076173],[78.63299416394955,16.536804479942873],[78.6363937802488,16.54874740746692],[78.64943924962171,16.546192657465213],[78.65286199648403,16.54971331711596],[78.65836683935822,16.543692271481177],[78.665794162071,16.543122707447026],[78.66911888103158,16.571536199336208],[78.67996179470111,16.55253889795182],[78.70146131938446,16.564892214903864],[78.7155757580149,16.582143023881486],[78.69813877498456,16.613062332760478],[78.69858925528996,16.619157660597637],[78.67998531197264,16.624367385546464],[78.66744179380379,16.65208690388755],[78.71356507446865,16.650811542918404],[78.7073386731413,16.666417026024988],[78.71016897451864,16.678620480850554],[78.7256688457407,16.688736672159735],[78.74091931787228,16.707014856750277],[78.7554377274692,16.706605205665767],[78.75754447030113,16.74827651844663],[78.78039499253492,16.746447176895742],[78.78932767693078,16.761533698121696],[78.79523260929756,16.78565812712094],[78.79185396338977,16.802358345061634],[78.79533428934604,16.812565184435755],[78.79789650551936,16.807769867985087],[78.80218202597979,16.826502543857373],[78.78761155732758,16.831989561269268],[78.78910157477793,16.840018541222776],[78.77573843787866,16.84413373458426],[78.7809162018213,16.868577212468438],[78.77205654597287,16.882799914184716],[78.75210921157094,16.862721133973196],[78.74905362822244,16.853452447572465],[78.7310051664553,16.864131997593688],[78.72687133014784,16.86998140491795],[78.72870760277368,16.894006844640217],[78.74544265055795,16.915220593555603],[78.70769727420992,16.934259966124614],[78.69598782417881,16.93590138893802],[78.70393942016818,16.950078835869647],[78.70221978061846,16.964838047937633],[78.70734679941529,16.967875874172307],[78.73188974681443,16.973582312673614],[78.75663473230713,16.969833433865915],[78.75312961833725,16.982049172531333],[78.75683504819898,16.984959985714795],[78.78960914314752,16.97664556723919],[78.79936069713852,16.99988184287281],[78.81557888835505,17.000395793730945],[78.82274502905989,17.00601568687449],[78.82474715645617,17.017174025161182],[78.77722147838858,17.032712558238018],[78.79207006777943,17.039813055628088],[78.8219868852866,17.03064516254426],[78.8339784877171,17.036694365052938],[78.83752591299054,17.041366177607074],[78.83611787953657,17.05553090722566],[78.84428069120099,17.0687666686469],[78.82794669428455,17.092257183522236],[78.81543719117349,17.096504613197396],[78.81922087824097,17.109293995221776],[78.83343565243348,17.103749020101247],[78.83356581760847,17.11283922075347],[78.78548086105297,17.137592566343926],[78.77372996666469,17.15562029693922],[78.77763953453695,17.16247543769134],[78.78511585321411,17.15938905436144],[78.7893367771706,17.16513857848264],[78.78097785664283,17.186620033088104],[78.77267668158362,17.18918475477267],[78.7592865227549,17.21425929682914],[78.79797772958858,17.20304904967395],[78.81628176519138,17.212396379989002],[78.81664313797052,17.225638316155425],[78.82039136656834,17.22858970674963],[78.80663606050587,17.240733164204187],[78.77804297850071,17.246031707097643],[78.75340120460197,17.261626279629127],[78.75175896610347,17.283454618036217],[78.74113733422064,17.296031394033662],[78.76221936932848,17.303976819774448],[78.75750194226089,17.31508549839708],[78.79376146501966,17.307357463975848],[78.83823178187129,17.305882172024667],[78.86377262870388,17.32784608772681],[78.88123794307666,17.333039534946636],[78.91995526442395,17.356770199385267],[78.94019639025129,17.354479010997636],[78.94286935343797,17.343577694455064],[78.96230169107025,17.348060850827665],[78.9733406245702,17.335998852165346],[79.00485723617254,17.32076351742245],[79.01731693213077,17.332131985902492],[79.045120894114,17.327801042484168],[79.0456468032574,17.34279129668107],[79.05740168164238,17.372840570835706],[79.11316307761399,17.370951225618626],[79.15226239949021,17.35497061909882],[79.16378954525135,17.356060477808853],[79.18465188857385,17.372303430059276]]]},"properties":{"ST_CODE":"36","ST_NAME":"TELANGANA","DIST_NAME":"NALGONDA"}},{"type":"Feature","geometry":{"type":"Polygon","coordinates":[[[78.56251006568704,16.977759276869165],[78.56772192292846,16.965892116328178],[78.58435120414481,16.95496575726395],[78.61477539306998,16.965074783674368],[78.65071729057058,16.9591845309414],[78.68245103718567,16.933491741850446],[78.69059678601292,16.932056759312047],[78.69598782417881,16.93590138893802],[78.70769727420992,16.934259966124614],[78.74544265055795,16.915220593555603],[78.72870760277368,16.894006844640217],[78.72687133014784,16.86998140491795],[78.7310051664553,16.864131997593688],[78.74905362822244,16.853452447572465],[78.75210921157094,16.862721133973196],[78.77205654597287,16.882799914184716],[78.7809162018213,16.868577212468438],[78.77573843787866,16.84413373458426],[78.78910157477793,16.840018541222776],[78.78761155732758,16.831989561269268],[78.80218202597979,16.826502543857373],[78.79789650551936,16.807769867985087],[78.79533428934604,16.812565184435755],[78.79185396338977,16.802358345061634],[78.79523260929756,16.78565812712094],[78.78932767693078,16.761533698121696],[78.78039499253492,16.746447176895742],[78.75754447030113,16.74827651844663],[78.7554377274692,16.706605205665767],[78.74091931787228,16.707014856750277],[78.7256688457407,16.688736672159735],[78.71016897451864,16.678620480850554],[78.7073386731413,16.666417026024988],[78.71356507446865,16.650811542918404],[78.66744179380379,16.65208690388755],[78.67998531197264,16.624367385546464],[78.69858925528996,16.619157660597637],[78.69813877498456,16.613062332760478],[78.7155757580149,16.582143023881486],[78.70146131938446,16.564892214903864],[78.67996179470111,16.55253889795182],[78.66911888103158,16.571536199336208],[78.665794162071,16.543122707447026],[78.65836683935822,16.543692271481177],[78.65286199648403,16.54971331711596],[78.64943924962171,16.546192657465213],[78.6363937802488,16.54874740746692],[78.63299416394955,16.536804479942873],[78.61291937402996,16.531730084076173],[78.61075407184302,16.522833659445894],[78.61435903124436,16.517836650241293],[78.63001684500148,16.526965049597436],[78.63537537357467,16.524466027884955],[78.64471175194586,16.534821852546486],[78.66140346140065,16.525225929832857],[78.66917749434594,16.529656870668077],[78.67475848911306,16.52786770363167],[78.67558535098323,16.533438082801354],[78.6798824565102,16.53158974756883],[78.68141755247814,16.540090332003274],[78.69389004129243,16.53647074422952],[78.71825689244167,16.540085488254704],[78.76520741988656,16.533780868392398],[78.77782588395746,16.528175947162254],[78.78817851962305,16.516197543182102],[78.80047683493802,16.514369636949255],[78.83537277053699,16.543674660956867],[78.8554063966879,16.551238462984713],[78.86881565351968,16.543865556450328],[78.9099041750377,16.55143536954671],[78.92209434687669,16.524416916807297],[78.93911838460582,16.510676456753117],[78.9859546702719,16.493681989632194],[79.04657457535643,16.459017301207552],[79.05927568982128,16.447341482223692],[79.07259698486303,16.443266770045454],[79.09150405636717,16.422029713400605],[79.10989663112468,16.421269943653044],[79.12202886054354,16.407021859471286],[79.14277929043197,16.399155569573907],[79.15170197886329,16.400257660862394],[79.15404094373463,16.382367453695053],[79.16487168508024,16.378853299740058],[79.17175245201412,16.368554326620938],[79.18045482093328,16.36809684958996],[79.193505751889,16.359589678520877],[79.20265959756244,16.363264273327616],[79.21069849254144,16.356654963156075],[79.23434272673552,16.33493032017816],[79.22266305595531,16.23649418026224],[79.21583812343073,16.22712688769576],[79.19231077592161,16.216438326467653],[79.159225635155,16.20896180454372],[79.12166912722847,16.23282063946101],[79.09949885398896,16.22346142370577],[79.08278396990437,16.2310654452142],[79.07111841038636,16.227783623915172],[79.05093075375135,16.238391894570327],[79.01284147935087,16.24093370692509],[78.98578253913291,16.21106495458406],[78.96033622273853,16.209415056559635],[78.90547144455161,16.18393573954279],[78.90415308789477,16.17680197712957],[78.9147570040326,16.149668006473348],[78.92393921792063,16.137705876624977],[78.92270163297405,16.12692351340945],[78.92135699632837,16.10312294197024],[78.88958334139812,16.085004823214092],[78.8729529513177,16.143602198882434],[78.85476994018063,16.149151430494157],[78.835447479018,16.145815741603258],[78.83311601359321,16.137669938816657],[78.84248655541029,16.095554971584704],[78.8403602469279,16.078483767112232],[78.8194778622136,16.04864975018586],[78.8012814484801,16.03811558546596],[78.79189761648189,16.02467123888664],[78.75107701109522,16.01609079825181],[78.73557641501958,16.00849468897877],[78.72364886410384,16.02046321750356],[78.68569107238511,16.03321075677104],[78.65038369874878,16.07282478853324],[78.64980957155456,16.07950955722032],[78.6325035172236,16.086792623280985],[78.61003884731502,16.08742112168744],[78.59872481299976,16.08142731112156],[78.5870130229327,16.063733059033495],[78.54990984886047,16.04303379247557],[78.47486656553963,16.06884402133454],[78.40798796447302,16.07515462708443],[78.39772390483438,16.06647327801943],[78.38448368187647,16.064948693327608],[78.36551049581277,16.047132592095522],[78.34782367931939,16.047827098941525],[78.3266506094381,16.03708733121539],[78.32201938598593,16.017464315725647],[78.31235442771475,16.011861416171485],[78.299513419209,16.01189630986687],[78.27728352091782,16.02466756335741],[78.26096013690085,16.026169409590636],[78.2556009680103,16.013206140051352],[78.25908316815372,15.992646592166523],[78.25110456912063,15.972956350555194],[78.23486955068927,15.960538509944342],[78.20406824455392,15.949671180580594],[78.15878473103055,15.95247454276597],[78.13873578852588,15.963624308714941],[78.13134395306105,15.995082749469361],[78.1194332365547,16.0076584130054],[78.06702983625797,16.021371401469025],[78.05745546219987,16.028066087879722],[78.06636095019775,16.086933776372746],[78.06372361095595,16.099608455266036],[78.04514122528735,16.104301512504833],[78.03935774816159,16.12146291268334],[78.05433914943228,16.147208475790592],[78.05905586063949,16.17242644262626],[78.07417075817403,16.187680771950113],[78.07870906906834,16.203063166531933],[78.07441765535054,16.213256146454057],[78.05703504263317,16.22191925367065],[78.03553050692739,16.249683364895418],[78.02289877695705,16.25814803490391],[78.02565606237744,16.269733629403504],[78.04108501216365,16.273510568857716],[78.06845201424909,16.260348992512036],[78.07300552008871,16.262936663096582],[78.08482497339384,16.292099063620924],[78.11260875998636,16.30041717471289],[78.13611505166836,16.32589026122662],[78.15753130722413,16.332842076400766],[78.1683082745073,16.330269705982175],[78.18512417673941,16.314537155865082],[78.20334461496208,16.31423937504718],[78.21933626785454,16.294152875954524],[78.24598957605815,16.28320314800692],[78.24991137740818,16.288601832208826],[78.24790039438773,16.30465617863979],[78.25587184381061,16.319981906040198],[78.26362070383249,16.324267951704655],[78.28962180750045,16.323862658734754],[78.29591244920022,16.343166220644605],[78.3112177583929,16.35467422433601],[78.30585924420882,16.368862315643412],[78.30699822838557,16.386533095426046],[78.29547464483903,16.396948403046395],[78.26985025098833,16.409001512809596],[78.25952666882074,16.40208757348279],[78.2345044933877,16.406345329173632],[78.21625094662397,16.40241908517271],[78.19622914835657,16.403897839513718],[78.1886318915486,16.43621433512351],[78.17178347882452,16.442200601276795],[78.16054106202046,16.442076588363932],[78.15788874007336,16.438477121122276],[78.10782496834764,16.47807039473298],[78.09992288003696,16.507170864343948],[78.1157973269851,16.589462898294187],[78.1224755719901,16.595687010846916],[78.12340749985628,16.6117945233986],[78.1385225044101,16.632196852702634],[78.13226421941823,16.653269739906648],[78.14005328722948,16.68830596614748],[78.15344311600705,16.706426691138915],[78.16815266301506,16.71642379062547],[78.16764538692513,16.725482749729167],[78.14906675952341,16.73900379948583],[78.1539710144508,16.746585486331185],[78.16522949944192,16.74304417105168],[78.19780703047013,16.746927637900228],[78.20867993922786,16.738072354555584],[78.23501602237161,16.73150219007408],[78.27577863947266,16.688027682631514],[78.29514557840577,16.686828140806085],[78.3035923905764,16.680585281885328],[78.3193431375758,16.65443527836544],[78.33536968596229,16.65602252422019],[78.35481749553105,16.64511913294166],[78.36539144356033,16.66299700500781],[78.39157686777827,16.662395605872575],[78.39963242089954,16.676718013625475],[78.41847839875913,16.686921135202283],[78.416353906008,16.732360940105366],[78.45229264868686,16.731287426573545],[78.4587913044752,16.735916465572473],[78.45452860611033,16.75075164427301],[78.47907860779156,16.753112758547047],[78.4818692886368,16.757705291366165],[78.46339121982896,16.77864375870257],[78.45196163971798,16.77658992658388],[78.4302861788641,16.788747151759708],[78.43056870987812,16.835317669774668],[78.41479934061715,16.827927731879356],[78.40846358262831,16.807703854149622],[78.39976664561425,16.795838056081493],[78.3928982668416,16.801241934767518],[78.38519281619557,16.79085544142555],[78.37707306856731,16.788606520274755],[78.36412568105538,16.79842286502327],[78.35711039982516,16.793851614660355],[78.34335133639513,16.796269523819547],[78.33585191683255,16.791105411585534],[78.3277822218721,16.79247286672944],[78.32279977718804,16.820522031566554],[78.31004948239774,16.83361448691909],[78.32231016468239,16.86263198597743],[78.31864121312157,16.87559425547056],[78.3243894781919,16.880261997693083],[78.35640918403669,16.87925514370994],[78.36844582721324,16.88482106494024],[78.37247315051553,16.898836117692724],[78.35314463331821,16.909356770998215],[78.383788174085,16.95351889468128],[78.406073009262,17.01439508046866],[78.42174073444738,17.014237910451243],[78.45649199251153,16.99891070366607],[78.45559671561597,16.994094950121905],[78.46085476023904,16.99240914846348],[78.45945439620345,16.98476276259146],[78.47966938773209,16.994517041528297],[78.48962186195939,17.004204714875755],[78.49406472240906,17.018451251324223],[78.52394579186483,16.993537094361443],[78.5578306385732,16.9863184602288],[78.56251006568704,16.977759276869165]]]},"properties":{"ST_CODE":"36","ST_NAME":"TELANGANA","DIST_NAME":"NAGARKURNOOL"}},{"type":"Feature","geometry":{"type":"Polygon","coordinates":[[[77.93779651539694,16.86456150480967],[77.95485636772725,16.868626826267075],[77.96706160321048,16.85043271839527],[77.9776843538499,16.847171963715198],[77.99048938407788,16.87090972920072],[77.9785828395265,16.876834361216822],[77.9816432909052,16.893535983898573],[77.98810043218924,16.899108422515724],[78.00881166782426,16.902829618392218],[78.01011787464029,16.9239318522732],[78.00466690925055,16.93620292352614],[78.00853172955573,16.9441484895612],[78.0122648081744,16.943577698851755],[78.0109109004178,16.949928215614705],[77.9916583732354,16.95559390403548],[77.98817110631154,16.960776326466316],[77.99980884620135,16.980026004596482],[77.99298835992494,16.994439955239784],[78.0058058781388,16.998432859688762],[78.03402192387273,16.98391218649823],[78.05999618547565,16.99445200885316],[78.07698373231347,16.97158559290085],[78.11160622184974,16.98414128429289],[78.11958979233509,16.999805819582946],[78.126087421997,17.00096293768945],[78.18614936789908,16.979109245595282],[78.18899895343901,16.972336068155073],[78.17194513915689,16.954451257819358],[78.17181871156436,16.949247980110272],[78.1812448827452,16.93682522650306],[78.1924042525543,16.93658538001131],[78.21427271151646,16.924817069352343],[78.21535169922157,16.918726922509506],[78.20411302269787,16.901694581339882],[78.22691601666088,16.871467741443155],[78.25866072421309,16.861585717406967],[78.2808880369534,16.862405468337727],[78.29445647288799,16.890082182546735],[78.30280303043554,16.893514052131877],[78.3256829416145,16.890787682705422],[78.35314463331821,16.909356770998215],[78.37247315051553,16.898836117692724],[78.36844582721324,16.88482106494024],[78.35640918403669,16.87925514370994],[78.3243894781919,16.880261997693083],[78.31864121312157,16.87559425547056],[78.32231016468239,16.86263198597743],[78.31004948239774,16.83361448691909],[78.32279977718804,16.820522031566554],[78.3277822218721,16.79247286672944],[78.33585191683255,16.791105411585534],[78.34335133639513,16.796269523819547],[78.35711039982516,16.793851614660355],[78.36412568105538,16.79842286502327],[78.37707306856731,16.788606520274755],[78.38519281619557,16.79085544142555],[78.3928982668416,16.801241934767518],[78.39976664561425,16.795838056081493],[78.40846358262831,16.807703854149622],[78.41479934061715,16.827927731879356],[78.43056870987812,16.835317669774668],[78.4302861788641,16.788747151759708],[78.45196163971798,16.77658992658388],[78.46339121982896,16.77864375870257],[78.4818692886368,16.757705291366165],[78.47907860779156,16.753112758547047],[78.45452860611033,16.75075164427301],[78.4587913044752,16.735916465572473],[78.45229264868686,16.731287426573545],[78.416353906008,16.732360940105366],[78.41847839875913,16.686921135202283],[78.39963242089954,16.676718013625475],[78.39157686777827,16.662395605872575],[78.36539144356033,16.66299700500781],[78.35481749553105,16.64511913294166],[78.33536968596229,16.65602252422019],[78.3193431375758,16.65443527836544],[78.3035923905764,16.680585281885328],[78.29514557840577,16.686828140806085],[78.27577863947266,16.688027682631514],[78.23501602237161,16.73150219007408],[78.20867993922786,16.738072354555584],[78.19780703047013,16.746927637900228],[78.16522949944192,16.74304417105168],[78.1539710144508,16.746585486331185],[78.14906675952341,16.73900379948583],[78.16764538692513,16.725482749729167],[78.16815266301506,16.71642379062547],[78.15344311600705,16.706426691138915],[78.14005328722948,16.68830596614748],[78.13226421941823,16.653269739906648],[78.1385225044101,16.632196852702634],[78.12340749985628,16.6117945233986],[78.1224755719901,16.595687010846916],[78.1157973269851,16.589462898294187],[78.10129873394948,16.595811240496403],[78.07749652844211,16.597891955149635],[78.0484535345031,16.613634331259448],[78.02536019351817,16.611443863343652],[77.99422947021395,16.595391399193772],[77.97916631517336,16.57970056233114],[77.98975940347373,16.558170862695192],[77.98502666544829,16.54147363859761],[77.9992122044797,16.53187397560356],[77.98865271125368,16.51987748535771],[77.99647221751889,16.513277220567318],[77.99397262743486,16.507326345434535],[77.95506909786064,16.51201795656351],[77.93962824284921,16.504392595941624],[77.89133563643054,16.501294782228456],[77.89376889252043,16.466442188556186],[77.91597956780288,16.454255222800327],[77.91827891484013,16.43813865047838],[77.94294602803683,16.431520321905396],[77.95231473703552,16.41904102252522],[77.97341660759042,16.408912841454537],[77.97303778436634,16.370946250768895],[77.98215667878776,16.35943793051615],[77.98888620583381,16.333086171289835],[77.987908006949,16.328866581027967],[77.9512971820194,16.31138238448949],[77.9466152826692,16.298712566431846],[77.94902974112972,16.289606708582767],[77.958593931265,16.28314163258034],[77.9814364063651,16.276496674182226],[77.9824843081044,16.26063436538368],[77.95848191800616,16.24312069716251],[77.93581030420222,16.25092100829795],[77.9165421504,16.235061937058788],[77.88497773083765,16.285369359408435],[77.84134161792139,16.336643925276974],[77.83369717008839,16.373604305894048],[77.82272540335475,16.39481343769006],[77.81503296050278,16.393991921390125],[77.81408431693774,16.38108987859505],[77.80847742889028,16.378103251663788],[77.79997042599445,16.381998112023325],[77.78560681310398,16.400694046093406],[77.7743517905028,16.427045313390522],[77.76228222674342,16.428904080758798],[77.74583141149049,16.422135823509507],[77.73258028874938,16.423162328578655],[77.73245438366291,16.448596019390834],[77.72214662686537,16.45689131648112],[77.72130414197261,16.463301727193027],[77.7362263174906,16.472181658257],[77.75015810111552,16.499764083046045],[77.73595409360661,16.509889651586207],[77.75281416604099,16.517612537388743],[77.73939005061038,16.540638338388646],[77.73990324963535,16.563952641001606],[77.7470973385714,16.569518737599708],[77.76636147060543,16.573497526289884],[77.76967188674826,16.57989295159848],[77.7669286532348,16.610220336599298],[77.77526016152729,16.620003591692466],[77.77889689847314,16.635177160997216],[77.75786530094297,16.669837201725556],[77.75768150469776,16.68296966791587],[77.76558874432516,16.704652938482354],[77.78274976678836,16.724296628486684],[77.79448123671978,16.728671033441515],[77.81354083414226,16.721818167074787],[77.82465867235987,16.7234820792346],[77.83193726519266,16.715708977087672],[77.85633875552918,16.71053751379526],[77.88255197509363,16.696027476886627],[77.90800474592237,16.696521936738066],[77.91873638377717,16.7135194876343],[77.91092798683718,16.729363396303768],[77.8949989168666,16.741061007659425],[77.89151992190693,16.761001160075523],[77.88289559075895,16.770640520044026],[77.86706224372762,16.775213661681164],[77.85518622036784,16.768102043274723],[77.84490210225027,16.770169086434237],[77.83610007226059,16.801214116938013],[77.81621143840721,16.79655219332909],[77.78924552855835,16.809775563891208],[77.76915155070355,16.80960937187507],[77.75475584190866,16.81986901674179],[77.75384698345158,16.844771387189837],[77.76433605706342,16.855350787808675],[77.763951681425,16.872906505630795],[77.77076489128677,16.879551178943814],[77.7956878580083,16.873651970761898],[77.81171037653269,16.89183579218809],[77.82201241544067,16.88418340154277],[77.82010038932157,16.863813319229337],[77.84225856757888,16.85657050592414],[77.84344946512078,16.861582973575423],[77.85738826705494,16.854299638617476],[77.86481839385385,16.86306950705216],[77.86815694438752,16.858829191913742],[77.86376352236874,16.85099984346806],[77.88705999412349,16.85964461350818],[77.91443145954429,16.86070816884694],[77.91204176751364,16.851642781389273],[77.92196463156256,16.84492972272858],[77.9315732859784,16.849966514343237],[77.93779651539694,16.86456150480967]]]},"properties":{"ST_CODE":"36","ST_NAME":"TELANGANA","DIST_NAME":"MAHABUBNAGAR"}},{"type":"Feature","geometry":{"type":"Polygon","coordinates":[[[77.74389809572062,16.880502266866188],[77.763951681425,16.872906505630795],[77.76433605706342,16.855350787808675],[77.75384698345158,16.844771387189837],[77.75475584190866,16.81986901674179],[77.76915155070355,16.80960937187507],[77.78924552855835,16.809775563891208],[77.81621143840721,16.79655219332909],[77.83610007226059,16.801214116938013],[77.84490210225027,16.770169086434237],[77.85518622036784,16.768102043274723],[77.86706224372762,16.775213661681164],[77.88289559075895,16.770640520044026],[77.89151992190693,16.761001160075523],[77.8949989168666,16.741061007659425],[77.91092798683718,16.729363396303768],[77.91873638377717,16.7135194876343],[77.90800474592237,16.696521936738066],[77.88255197509363,16.696027476886627],[77.85633875552918,16.71053751379526],[77.83193726519266,16.715708977087672],[77.82465867235987,16.7234820792346],[77.81354083414226,16.721818167074787],[77.79448123671978,16.728671033441515],[77.78274976678836,16.724296628486684],[77.76558874432516,16.704652938482354],[77.75768150469776,16.68296966791587],[77.75786530094297,16.669837201725556],[77.77889689847314,16.635177160997216],[77.77526016152729,16.620003591692466],[77.7669286532348,16.610220336599298],[77.76967188674826,16.57989295159848],[77.76636147060543,16.573497526289884],[77.7470973385714,16.569518737599708],[77.73990324963535,16.563952641001606],[77.73939005061038,16.540638338388646],[77.75281416604099,16.517612537388743],[77.73595409360661,16.509889651586207],[77.75015810111552,16.499764083046045],[77.7362263174906,16.472181658257],[77.72130414197261,16.463301727193027],[77.72214662686537,16.45689131648112],[77.73245438366291,16.448596019390834],[77.73258028874938,16.423162328578655],[77.74583141149049,16.422135823509507],[77.76228222674342,16.428904080758798],[77.7743517905028,16.427045313390522],[77.78560681310398,16.400694046093406],[77.79997042599445,16.381998112023325],[77.80847742889028,16.378103251663788],[77.81408431693774,16.38108987859505],[77.81503296050278,16.393991921390125],[77.82272540335475,16.39481343769006],[77.83369717008839,16.373604305894048],[77.84134161792139,16.336643925276974],[77.88497773083765,16.285369359408435],[77.9165421504,16.235061937058788],[77.91885798021167,16.21035439304086],[77.88587474342472,16.22833430758226],[77.79027895750795,16.296453819288388],[77.76827840612361,16.30738709683709],[77.74810898144437,16.309885967463458],[77.72176909596709,16.32928089599659],[77.68385580270319,16.34546569448628],[77.65588394538781,16.354270179625132],[77.6231166628038,16.354169035572568],[77.58825830627586,16.332796178600802],[77.59536344686563,16.339959834478805],[77.5939610557582,16.343910652454724],[77.57275515252832,16.34095585522857],[77.53880784790391,16.358222976109516],[77.52343796019375,16.375848826662093],[77.51440440963586,16.374994237793885],[77.48972922772174,16.38503482759529],[77.44102614643958,16.380781608984137],[77.42889298892038,16.369211712150843],[77.4194547299519,16.366306907337957],[77.40102553030403,16.37166073155754],[77.37870820711811,16.38542626291178],[77.34975315518403,16.38365005420667],[77.3334600648302,16.39538311953538],[77.3139719431507,16.39802201280571],[77.28821211859446,16.40878444254804],[77.2689922224132,16.430472441749828],[77.26211198877729,16.451849467978604],[77.23646189589982,16.473258009149845],[77.2458542210955,16.477757857838924],[77.26513100569144,16.472821860440547],[77.29413585578516,16.476977562864306],[77.29874912067544,16.496169375915997],[77.32033556033792,16.492222648956158],[77.32959848568163,16.485917581231433],[77.35146794109266,16.491072300945973],[77.36904899101819,16.488688138846555],[77.37273761524881,16.509676068895487],[77.37911736627348,16.51456799501699],[77.4022257933857,16.521530709075023],[77.41651583363887,16.51826418974059],[77.41799534520908,16.548879419849413],[77.4037791383966,16.551201087160507],[77.39745393754924,16.56431686463162],[77.39264745421667,16.564006355708784],[77.39268462139819,16.57000446413474],[77.42151173038212,16.56825355245951],[77.4394112707136,16.587490737207816],[77.46199450993873,16.585009509481324],[77.46782455575868,16.609771635152867],[77.4582123715038,16.61072825030857],[77.45367677386406,16.616760605817376],[77.47424848957621,16.648161861380856],[77.46406825934275,16.653901107150432],[77.4447112920925,16.639247271344573],[77.43444481417691,16.641148138675703],[77.43862177207717,16.64534771092815],[77.42974877568548,16.65621898022181],[77.41904021263576,16.658451482450005],[77.41887589660541,16.668910436867236],[77.44248854391122,16.66967881312678],[77.44754360165592,16.67959868782924],[77.46401751599564,16.676614670730544],[77.46982604103903,16.68704663379515],[77.47387922974269,16.71531468822235],[77.44643253873073,16.721176418956645],[77.43848847366417,16.711698388369996],[77.4260440958584,16.721160500956387],[77.4310868535755,16.723431472584423],[77.42697852024259,16.728963340985445],[77.44318394378405,16.762517261462506],[77.43792245835482,16.774717825867015],[77.43962865843588,16.789437136814456],[77.4673264554516,16.78074585473746],[77.47463329509054,16.781532654508453],[77.47653864194484,16.788371127225787],[77.47342730782407,16.789213738922967],[77.47430183646065,16.802325485632707],[77.4657440524461,16.805930508885922],[77.46328175634801,16.822218310326832],[77.45707311932904,16.83023984119575],[77.46410086606215,16.85060329730436],[77.46040375672806,16.884765848365248],[77.45600659442886,16.88565533992204],[77.45795884632378,16.909520637367564],[77.45400199659491,16.914158772109715],[77.46686573276742,16.916040580108756],[77.49843692872133,16.902244207404294],[77.51990603833303,16.91751355001037],[77.54795867815051,16.889084115839296],[77.56258021750307,16.844181157634353],[77.57927700453018,16.842423476762065],[77.58415542193524,16.836566276812277],[77.5814799235597,16.83189338057508],[77.56550677601695,16.830591990527978],[77.55334945911028,16.819547317554736],[77.56342763697592,16.801645050478726],[77.58396860846455,16.785874226114686],[77.61069306833048,16.77552344305252],[77.62220241830704,16.786283334008715],[77.63422696380337,16.785811594629422],[77.66252796039709,16.7637416461601],[77.680014509562,16.783418804434348],[77.69490967664035,16.77906899863541],[77.70820963436717,16.78474002093526],[77.72905424126026,16.779767691825555],[77.73470998947448,16.78318858068849],[77.73051800750011,16.799118745134024],[77.73322338045472,16.818459887014228],[77.72269141907378,16.844318458030443],[77.72200701880894,16.857922547587577],[77.72301352925103,16.86803993139779],[77.74389809572062,16.880502266866188]]]},"properties":{"ST_CODE":"36","ST_NAME":"TELANGANA","DIST_NAME":"NARAYANPET"}},{"type":"Feature","geometry":{"type":"Polygon","coordinates":[[[78.1157973269851,16.589462898294187],[78.09992288003696,16.507170864343948],[78.10782496834764,16.47807039473298],[78.15788874007336,16.438477121122276],[78.16054106202046,16.442076588363932],[78.17178347882452,16.442200601276795],[78.1886318915486,16.43621433512351],[78.19622914835657,16.403897839513718],[78.21625094662397,16.40241908517271],[78.2345044933877,16.406345329173632],[78.25952666882074,16.40208757348279],[78.26985025098833,16.409001512809596],[78.29547464483903,16.396948403046395],[78.30699822838557,16.386533095426046],[78.30585924420882,16.368862315643412],[78.3112177583929,16.35467422433601],[78.29591244920022,16.343166220644605],[78.28962180750045,16.323862658734754],[78.26362070383249,16.324267951704655],[78.25587184381061,16.319981906040198],[78.24790039438773,16.30465617863979],[78.24991137740818,16.288601832208826],[78.24598957605815,16.28320314800692],[78.21933626785454,16.294152875954524],[78.20334461496208,16.31423937504718],[78.18512417673941,16.314537155865082],[78.1683082745073,16.330269705982175],[78.15753130722413,16.332842076400766],[78.13611505166836,16.32589026122662],[78.11260875998636,16.30041717471289],[78.08482497339384,16.292099063620924],[78.07300552008871,16.262936663096582],[78.06845201424909,16.260348992512036],[78.04108501216365,16.273510568857716],[78.02565606237744,16.269733629403504],[78.02289877695705,16.25814803490391],[78.03553050692739,16.249683364895418],[78.05703504263317,16.22191925367065],[78.07441765535054,16.213256146454057],[78.07870906906834,16.203063166531933],[78.07417075817403,16.187680771950113],[78.05905586063949,16.17242644262626],[78.05433914943228,16.147208475790592],[78.03935774816159,16.12146291268334],[78.04514122528735,16.104301512504833],[78.06372361095595,16.099608455266036],[78.06636095019775,16.086933776372746],[78.05745546219987,16.028066087879722],[78.03824571306927,16.03639128023343],[77.98622730894323,16.092213579193356],[77.96818373858872,16.100342861433944],[77.94164162526084,16.12670595571535],[77.9259553272766,16.16703184584304],[77.91885798021167,16.21035439304086],[77.9165421504,16.235061937058788],[77.93581030420222,16.25092100829795],[77.95848191800616,16.24312069716251],[77.9824843081044,16.26063436538368],[77.9814364063651,16.276496674182226],[77.958593931265,16.28314163258034],[77.94902974112972,16.289606708582767],[77.9466152826692,16.298712566431846],[77.9512971820194,16.31138238448949],[77.987908006949,16.328866581027967],[77.98888620583381,16.333086171289835],[77.98215667878776,16.35943793051615],[77.97303778436634,16.370946250768895],[77.97341660759042,16.408912841454537],[77.95231473703552,16.41904102252522],[77.94294602803683,16.431520321905396],[77.91827891484013,16.43813865047838],[77.91597956780288,16.454255222800327],[77.89376889252043,16.466442188556186],[77.89133563643054,16.501294782228456],[77.93962824284921,16.504392595941624],[77.95506909786064,16.51201795656351],[77.99397262743486,16.507326345434535],[77.99647221751889,16.513277220567318],[77.98865271125368,16.51987748535771],[77.9992122044797,16.53187397560356],[77.98502666544829,16.54147363859761],[77.98975940347373,16.558170862695192],[77.97916631517336,16.57970056233114],[77.99422947021395,16.595391399193772],[78.02536019351817,16.611443863343652],[78.0484535345031,16.613634331259448],[78.07749652844211,16.597891955149635],[78.10129873394948,16.595811240496403],[78.1157973269851,16.589462898294187]]]},"properties":{"ST_CODE":"36","ST_NAME":"TELANGANA","DIST_NAME":"WANAPARTHY"}},{"type":"Feature","geometry":{"type":"Polygon","coordinates":[[[77.58825830627586,16.332796178600802],[77.6231166628038,16.354169035572568],[77.65588394538781,16.354270179625132],[77.68385580270319,16.34546569448628],[77.72176909596709,16.32928089599659],[77.74810898144437,16.309885967463458],[77.76827840612361,16.30738709683709],[77.79027895750795,16.296453819288388],[77.88587474342472,16.22833430758226],[77.91885798021167,16.21035439304086],[77.9259553272766,16.16703184584304],[77.94164162526084,16.12670595571535],[77.96818373858872,16.100342861433944],[77.98622730894323,16.092213579193356],[78.03824571306927,16.03639128023343],[78.05745546219987,16.028066087879722],[78.06702983625797,16.021371401469025],[78.1194332365547,16.0076584130054],[78.13134395306105,15.995082749469361],[78.13873578852588,15.963624308714941],[78.15878473103055,15.95247454276597],[78.20406824455392,15.949671180580594],[78.23486955068927,15.960538509944342],[78.25110456912063,15.972956350555194],[78.25109865158157,15.935130180013857],[78.23223992493263,15.924344820257318],[78.1845370066776,15.910165035088369],[78.17954852214666,15.902281352302623],[78.19004704223727,15.892617349111447],[78.17678733816518,15.877107072733281],[78.17544155668253,15.858375573174214],[78.15888061314985,15.854108335931016],[78.13564670183388,15.85504837927931],[78.1301850102301,15.851048340508555],[78.1342959659861,15.83690712636286],[78.09908948009547,15.836356302401498],[78.08367129069757,15.841267654778505],[78.08506546380016,15.845345984929338],[78.07147274976762,15.850717268587118],[78.07163777536311,15.862093623222165],[78.05595041797744,15.866675626778829],[78.05632059601874,15.874992642496522],[78.0468775706434,15.875254476512907],[78.04505695161708,15.904481058953763],[78.03200437400272,15.907690037864995],[78.0311154966829,15.903301377756407],[78.02563097668826,15.902707698401628],[78.0065217744604,15.863085771491228],[77.97574999666506,15.883453587513088],[77.93640282163295,15.883961109117934],[77.88879267654085,15.906148515341783],[77.878099153753,15.905078978612039],[77.85980768887379,15.884601143128293],[77.83810388228841,15.885238462984717],[77.80505265135884,15.874725053718294],[77.78270636460712,15.876686837527586],[77.76764775114287,15.886221240318037],[77.74884055924446,15.885605558150019],[77.72423237862142,15.896159859589886],[77.68455767589609,15.883593106536694],[77.65756319278717,15.886266432150194],[77.63720258842875,15.896050668403689],[77.61148716070397,15.918229075111753],[77.5934526708042,15.912259847514008],[77.58095127777932,15.91881733695061],[77.54912261221881,15.919460112993875],[77.51357025696183,15.927131504515387],[77.51973638842367,15.967009960341443],[77.51053977369168,15.975580976081233],[77.51081774064625,15.991572691926251],[77.5140123349014,16.00839701271201],[77.50444148348771,16.011364801544403],[77.49376682218116,16.03658967067679],[77.49949033700949,16.05375349992414],[77.49627256003066,16.054647405353535],[77.49955864321686,16.061370591279797],[77.50273977012432,16.059158906558366],[77.50691192564489,16.07966448882513],[77.49369288801643,16.086362156488406],[77.50105933382127,16.106528314829916],[77.5133098456729,16.10804933101184],[77.50025599731646,16.120613937383325],[77.4898280749058,16.11964160657493],[77.49067837041054,16.1599952299959],[77.48562421738376,16.16490742683635],[77.49952103986413,16.198573247257627],[77.50118003003439,16.22172963071796],[77.51502494454559,16.22196676305572],[77.51568982322681,16.22780137653234],[77.51319947907274,16.230860288271742],[77.49237215085412,16.229328886718804],[77.49009390371077,16.255189061226247],[77.5024390512213,16.26308610164233],[77.50485046098004,16.275828388869115],[77.52190440476454,16.278057746168088],[77.53702401024992,16.266509267588674],[77.54511047396926,16.291736317577033],[77.56324325257413,16.301657290351727],[77.56891291599834,16.303625654500422],[77.5821234766172,16.291668841443936],[77.59784133540938,16.29313136302204],[77.5920521853601,16.30218957478911],[77.59541573344939,16.31814176183292],[77.58825830627586,16.332796178600802]]]},"properties":{"ST_CODE":"36","ST_NAME":"TELANGANA","DIST_NAME":"JOGULAMBA GADWAL"}}]}